Entity,year,diabetes,obesity,calories
Afghanistan,2022,9.5717535,18.644375,2811.6965
Afghanistan,2023,9.785047,20.718634,3111.9211
Afghanistan,2024,8.4479475,17.418772,2965.4514
Afghanistan,2025,10.303038,20.033808,3004.9966
Afghanistan,2026,8.393239,18.558716,2908.7415
Afghanistan,2027,8.965818,16.551622,2766.6565
Afghanistan,2028,9.649679,17.784737,2789.9807
Afghanistan,2029,7.113143,18.000433,2978.9407
Afghanistan,2030,8.807379,23.533602,3224.2073
Afghanistan,2031,9.805053,22.807516,2681.32
Albania,2022,4.8158503,12.894637,2847.7212
Albania,2023,4.9965153,12.021862,2750.4045
Albania,2024,4.6318455,10.916619,2569.588
Albania,2025,5.2171736,10.383338,2518.6948
Albania,2026,6.1777606,10.789357,2521.5046
Albania,2027,7.4816175,11.468744,2516.7146
Albania,2028,8.790714,13.312885,2548.219
Albania,2029,10.65621,15.187558,2684.0796
Albania,2030,7.178093,9.108972,2477.7546
Albania,2031,7.121211,16.829376,2741.4229
Algeria,2022,12.440722,31.819998,2936.6301
Algeria,2023,9.125348,26.029156,2868.174
Algeria,2024,11.119245,23.794998,3105.361
Algeria,2025,6.1525993,15.921749,2869.6165
Algeria,2026,7.197479,13.845798,2471.8792
Algeria,2027,7.601509,9.456176,1981.1592
Algeria,2028,8.036501,7.919795,1867.8735
Algeria,2029,7.6155887,6.246124,2161.135
Algeria,2030,9.783363,6.9790974,2343.3643
Algeria,2031,10.630575,8.198882,2535.4292
Angola,2022,7.2427235,15.8337965,2287.7336
Angola,2023,6.450157,15.776285,2397.962
Angola,2024,5.714728,16.070024,2603.3718
Angola,2025,5.990112,13.009624,2972.3726
Angola,2026,5.3228993,6.62902,2954.6877
Angola,2027,6.4756804,10.7175255,2489.659
Angola,2028,5.8867326,13.166364,2468.1348
Angola,2029,9.908047,19.13099,2519.0688
Angola,2030,6.5054307,12.079671,2852.3186
Angola,2031,6.9128366,14.990782,2835.993
Antigua and Barbuda,2022,9.163059,19.06758,2847.0798
Antigua and Barbuda,2023,9.490181,20.328283,2979.1382
Antigua and Barbuda,2024,9.556136,19.174055,2805.1877
Antigua and Barbuda,2025,10.18351,20.945292,2857.218
Antigua and Barbuda,2026,8.9596815,21.207676,2842.4119
Antigua and Barbuda,2027,7.215418,19.838165,2833.1255
Antigua and Barbuda,2028,6.982848,18.707842,2965.8154
Antigua and Barbuda,2029,7.270689,17.822046,3015.277
Antigua and Barbuda,2030,7.9557667,16.120163,3061.116
Antigua and Barbuda,2031,7.155011,17.801218,3086.1846
Argentina,2022,8.708604,16.359148,2725.7983
Argentina,2023,7.566425,11.043238,2359.2546
Argentina,2024,9.938033,10.082689,2239.087
Argentina,2025,11.337957,8.297691,2182.1995
Argentina,2026,8.909145,5.5489683,2148.4277
Argentina,2027,7.259912,3.1072655,2110.6143
Argentina,2028,10.852807,4.6296973,2135.4102
Argentina,2029,15.072128,4.292486,2454.6274
Argentina,2030,12.970046,17.030209,3027.2402
Argentina,2031,10.351268,18.279982,2563.1912
Armenia,2022,11.005789,24.23601,2899.8367
Armenia,2023,9.75604,19.49968,2701.9268
Armenia,2024,11.799,19.328169,2790.6484
Armenia,2025,9.552238,18.070099,2790.682
Armenia,2026,9.16374,19.585892,2638.5042
Armenia,2027,9.773892,16.669062,2398.1516
Armenia,2028,7.612249,12.6906395,2510.8806
Armenia,2029,6.7513704,15.08185,2802.724
Armenia,2030,7.365214,21.129457,2942.5837
Armenia,2031,8.456684,19.057835,2987.0364
Australia,2022,9.233849,16.022095,2583.3835
Australia,2023,7.8787303,14.3454685,2421.1577
Australia,2024,9.587307,15.939152,2340.519
Australia,2025,9.537277,14.949179,2254.5232
Australia,2026,9.200773,12.395265,2217.0183
Australia,2027,8.83643,9.095959,2194.0486
Australia,2028,10.64925,6.143009,2198.0403
Australia,2029,13.761933,6.054783,2242.3018
Australia,2030,12.148792,19.057165,2944.6624
Australia,2031,7.7573357,16.955639,2903.1257
Austria,2022,6.098335,14.049869,3042.024
Austria,2023,4.938959,13.760643,2908.3079
Austria,2024,3.3085446,12.833746,2774.6155
Austria,2025,3.049771,10.624422,2566.6975
Austria,2026,4.6183395,9.926967,2387.8374
Austria,2027,5.36456,9.286753,2227.5396
Austria,2028,6.1634665,7.7447248,2028.9907
Austria,2029,7.0140324,6.8225636,1918.959
Austria,2030,6.177434,5.78199,1921.5074
Austria,2031,4.455981,11.788854,2501.8484
Azerbaijan,2022,7.849475,19.348494,2862.98
Azerbaijan,2023,7.5091953,12.7897625,2584.054
Azerbaijan,2024,8.117903,12.185179,2755.4573
Azerbaijan,2025,12.760256,17.18169,2930.5176
Azerbaijan,2026,11.114161,20.06379,2772.6973
Azerbaijan,2027,9.658304,19.482662,2543.9883
Azerbaijan,2028,6.84294,9.347414,2338.0447
Azerbaijan,2029,7.2666593,6.482514,2249.7354
Azerbaijan,2030,7.219945,9.5421715,2434.7368
Azerbaijan,2031,7.3578734,21.030748,3086.2185
Bahamas,2022,5.490549,18.506716,2932.307
Bahamas,2023,5.8425555,17.989983,2853.135
Bahamas,2024,5.916673,18.74921,2789.5264
Bahamas,2025,5.0638027,22.142572,2890.7463
Bahamas,2026,4.276065,22.51751,3039.6868
Bahamas,2027,5.560525,19.483118,2882.7485
Bahamas,2028,7.5081825,19.266363,2681.4585
Bahamas,2029,8.953722,23.621721,2862.6543
Bahamas,2030,12.266559,19.14983,3257.9658
Bahamas,2031,9.791778,17.216743,2959.4912
Bahrain,2022,7.5583687,17.634743,2607.2847
Bahrain,2023,6.021709,16.98993,2612.2217
Bahrain,2024,6.174881,22.514223,2920.886
Bahrain,2025,5.697426,20.93919,2992.2847
Bahrain,2026,5.7923145,18.92307,2924.689
Bahrain,2027,6.9911323,17.105087,3010.9666
Bahrain,2028,14.4813,33.20757,3499.8142
Bahrain,2029,11.496141,22.073633,3212.697
Bahrain,2030,13.474727,23.757818,3147.5605
Bahrain,2031,9.488839,19.737553,2986.3586
Bangladesh,2022,8.505601,17.649054,2504.8726
Bangladesh,2023,8.104264,19.05666,2774.979
Bangladesh,2024,6.595229,18.61543,2762.869
Bangladesh,2025,8.015541,21.000437,2990.247
Bangladesh,2026,8.110714,18.99948,2790.1338
Bangladesh,2027,9.885498,17.767536,2542.0566
Bangladesh,2028,10.3902445,18.265245,2604.1294
Bangladesh,2029,6.7281914,15.366042,2709.4614
Bangladesh,2030,4.8810077,6.59524,2584.1675
Bangladesh,2031,6.4920354,5.385391,2259.607
Barbados,2022,12.7514715,29.034178,3044.4062
Barbados,2023,13.384165,27.696463,3069.78
Barbados,2024,12.877654,24.651798,2980.902
Barbados,2025,12.977704,23.40399,2916.2366
Barbados,2026,11.354052,21.904945,2899.7725
Barbados,2027,12.363536,25.097425,3133.7034
Barbados,2028,13.199772,28.59714,3299.5188
Barbados,2029,13.584407,29.250343,3024.2866
Barbados,2030,12.657109,28.606573,2985.6902
Barbados,2031,9.41461,24.96145,3156.152
Belarus,2022,11.362418,17.876135,2542.9746
Belarus,2023,8.619137,12.495783,2320.8914
Belarus,2024,10.303626,12.760998,2288.4028
Belarus,2025,10.692086,15.38224,2355.5955
Belarus,2026,9.59327,14.214906,2356.3662
Belarus,2027,8.986877,10.273935,2314.073
Belarus,2028,10.361444,8.543399,2316.6619
Belarus,2029,12.801425,13.660208,2557.804
Belarus,2030,7.097823,20.63056,2944.3474
Belarus,2031,9.649537,20.731277,2843.7485
Belgium,2022,3.7007692,20.156242,3070.624
Belgium,2023,3.3222897,18.92632,2908.6296
Belgium,2024,2.9945588,18.752905,2873.4634
Belgium,2025,3.152676,16.414581,2659.2356
Belgium,2026,4.573142,14.867308,2479.9211
Belgium,2027,5.5322433,13.431761,2367.787
Belgium,2028,6.67149,11.912764,2343.4277
Belgium,2029,7.5407243,12.075166,2432.0562
Belgium,2030,6.645753,13.812679,2738.9558
Belgium,2031,4.147062,15.853782,3376.9958
Belize,2022,7.833965,20.059975,2738.08
Belize,2023,8.254384,22.017546,2812.9563
Belize,2024,7.7930093,21.814413,2818.51
Belize,2025,7.3529987,21.231798,2825.5276
Belize,2026,7.1967626,20.140581,2804.279
Belize,2027,7.0172462,21.126364,2895.9363
Belize,2028,7.167694,24.041908,3146.1204
Belize,2029,7.544095,24.531395,3244.7656
Belize,2030,7.598504,16.806015,3002.015
Belize,2031,7.619215,7.4950113,2886.7761
Benin,2022,6.96632,15.402933,2816.7883
Benin,2023,6.4388003,9.910596,2523.86
Benin,2024,8.147796,5.576998,2448.92
Benin,2025,7.535849,8.726466,2559.2961
Benin,2026,5.444118,9.383451,2732.7544
Benin,2027,5.818842,12.544291,2732.263
Benin,2028,6.7317147,17.374144,2831.58
Benin,2029,6.6450834,18.197054,2956.09
Benin,2030,5.77174,14.746462,2998.9207
Benin,2031,5.8886156,12.010889,2947.7683
Bhutan,2022,10.56607,20.007812,2848.6384
Bhutan,2023,8.254437,21.536291,3034.623
Bhutan,2024,5.419568,23.962744,3220.6702
Bhutan,2025,6.5106597,23.989048,3349.3926
Bhutan,2026,9.923824,19.383926,3059.6233
Bhutan,2027,8.201961,18.85966,2936.9634
Bhutan,2028,6.4741135,19.364973,2680.493
Bhutan,2029,3.2499173,9.813256,2236.114
Bhutan,2030,4.742042,5.8344135,2148.749
Bhutan,2031,6.2232804,9.364062,2397.4685
Bolivia,2022,10.029805,9.814001,2918.6606
Bolivia,2023,10.044043,9.418758,2817.2397
Bolivia,2024,9.744294,10.374666,2739.5293
Bolivia,2025,8.821509,12.918609,2951.455
Bolivia,2026,7.374867,17.206364,3130.0442
Bolivia,2027,6.6613183,18.540663,3105.5198
Bolivia,2028,6.814872,19.506437,3062.209
Bolivia,2029,6.7577047,19.622643,3118.3123
Bolivia,2030,6.5517006,15.259404,3012.515
Bolivia,2031,6.9250937,12.168651,2347.5474
Bosnia and Herzegovina,2022,6.839508,18.033949,2786.625
Bosnia and Herzegovina,2023,6.0297318,14.155591,2761.0933
Bosnia and Herzegovina,2024,6.2846837,11.345356,2751.9077
Bosnia and Herzegovina,2025,6.6455913,9.76641,2719.5479
Bosnia and Herzegovina,2026,7.426141,9.826916,2713.4045
Bosnia and Herzegovina,2027,8.792019,10.551646,2697.7642
Bosnia and Herzegovina,2028,9.194823,9.929725,2612.2725
Bosnia and Herzegovina,2029,8.308457,9.8915,2517.5454
Bosnia and Herzegovina,2030,7.07242,10.861533,2432.6714
Bosnia and Herzegovina,2031,7.2721057,11.653617,2676.0537
Botswana,2022,7.3165913,9.220832,2878.6943
Botswana,2023,7.1984954,9.463285,2811.2969
Botswana,2024,7.4205337,14.744807,2864.267
Botswana,2025,7.861057,15.473658,2825.2852
Botswana,2026,6.80909,8.636164,2431.1316
Botswana,2027,7.0273237,9.507288,2396.3835
Botswana,2028,6.871964,12.925701,2568.4495
Botswana,2029,8.532736,14.423923,2821.343
Botswana,2030,10.112454,15.699285,3038.787
Botswana,2031,7.078974,11.199566,2916.42
Brazil,2022,7.024966,16.240274,2954.0605
Brazil,2023,5.74115,14.384996,2841.55
Brazil,2024,5.089783,12.853251,2684.6924
Brazil,2025,5.279917,11.17749,2545.7017
Brazil,2026,5.1996603,8.610035,2412.702
Brazil,2027,5.908299,7.994603,2325.2327
Brazil,2028,7.3427305,9.894626,2363.2356
Brazil,2029,7.7020683,10.195753,2501.9146
Brazil,2030,6.729422,7.8982954,2582.4004
Brazil,2031,7.7506337,16.35488,3062.9558
Brunei,2022,8.047699,20.37153,2989.3667
Brunei,2023,7.9102745,21.60423,3114.4456
Brunei,2024,7.648792,20.621758,3109.0215
Brunei,2025,8.292919,19.828146,3072.1787
Brunei,2026,8.126971,19.762928,3057.692
Brunei,2027,7.73475,18.23269,2903.9934
Brunei,2028,7.2263184,16.360409,2614.6978
Brunei,2029,5.9708247,13.765641,2491.7546
Brunei,2030,6.6286993,18.674376,2493.4927
Brunei,2031,8.199837,19.458372,2515.9475
Bulgaria,2022,9.648902,13.944311,3077.6487
Bulgaria,2023,9.835189,12.895465,2881.4524
Bulgaria,2024,11.450442,16.612455,2933.6633
Bulgaria,2025,6.8059945,14.378261,2847.7058
Bulgaria,2026,6.871299,11.81528,2440.102
Bulgaria,2027,11.949296,17.05355,2560.6658
Bulgaria,2028,15.278896,21.576942,2815.6992
Bulgaria,2029,18.26602,25.584696,3132.233
Bulgaria,2030,12.7611265,18.908218,2868.0461
Bulgaria,2031,8.953142,16.96512,2669.25
Burkina Faso,2022,7.423849,15.327443,2716.4805
Burkina Faso,2023,7.314378,14.177476,2704.3533
Burkina Faso,2024,7.061415,10.821395,2564.3105
Burkina Faso,2025,6.7014318,5.5198193,2381.7764
Burkina Faso,2026,6.3551083,4.096219,2314.4053
Burkina Faso,2027,5.7011585,7.259713,2260.6821
Burkina Faso,2028,5.8019404,10.325542,2249.0005
Burkina Faso,2029,6.6531806,10.109846,2364.4827
Burkina Faso,2030,6.012586,7.577395,2567.4023
Burkina Faso,2031,6.1134048,12.004858,2959.0388
Burundi,2022,7.5437083,3.0786614,2222.8914
Burundi,2023,7.4097204,4.7737055,2106.5728
Burundi,2024,7.3991375,6.490866,2051.3845
Burundi,2025,6.8654923,7.9230685,2163.1133
Burundi,2026,6.369578,8.28015,2000.4141
Burundi,2027,5.2636404,11.1231365,2159.963
Burundi,2028,6.416109,15.648399,2530.2974
Burundi,2029,7.3121686,16.031118,2459.234
Burundi,2030,6.5781083,18.178324,2756.29
Burundi,2031,6.6631308,15.50005,2928.6052
Cambodia,2022,7.427404,15.356269,2432.8418
Cambodia,2023,7.057209,15.868688,2527.2085
Cambodia,2024,6.5707603,15.853366,2567.4604
Cambodia,2025,6.164294,16.821995,2720.7395
Cambodia,2026,6.0644236,17.540272,2779.365
Cambodia,2027,5.707215,16.291365,2471.3813
Cambodia,2028,4.1339455,6.906146,2110.9175
Cambodia,2029,6.278157,8.168659,2812.0342
Cambodia,2030,8.804241,10.81857,2244.6592
Cambodia,2031,9.517069,11.486217,2552.1426
Cameroon,2022,6.6150603,11.35954,2379.34
Cameroon,2023,6.5551605,10.247276,2312.1494
Cameroon,2024,6.738765,9.912819,2316.1572
Cameroon,2025,7.01374,9.289067,2365.0364
Cameroon,2026,6.837303,7.286474,2356.1982
Cameroon,2027,6.232438,5.62657,2294.3103
Cameroon,2028,5.905546,6.925605,2288.8906
Cameroon,2029,6.244035,7.7176576,2370.1057
Cameroon,2030,6.1677585,6.7861032,2490.787
Cameroon,2031,6.6516976,6.230747,2569.8962
Canada,2022,9.0013895,16.712793,2647.0627
Canada,2023,8.2274065,15.80446,2528.4355
Canada,2024,10.092289,16.999144,2434.2017
Canada,2025,9.345961,13.769767,2287.7542
Canada,2026,9.011035,10.139974,2300.5015
Canada,2027,9.540401,8.134704,2358.3547
Canada,2028,10.340365,5.4477997,2336.5625
Canada,2029,11.970977,5.45991,2256.6663
Canada,2030,12.853223,9.868535,2834.492
Canada,2031,9.036263,18.238792,2784.6846
Cape Verde,2022,5.0298185,13.219717,2333.348
Cape Verde,2023,5.972336,7.191695,2229.4885
Cape Verde,2024,5.2950287,6.8591723,2455.26
Cape Verde,2025,8.086415,10.3923855,2487.9187
Cape Verde,2026,6.09916,15.264749,2856.4468
Cape Verde,2027,5.8471127,15.664134,3050.739
Cape Verde,2028,6.482774,16.947783,3229.182
Cape Verde,2029,5.76586,16.177118,3163.188
Cape Verde,2030,4.2419534,11.305608,2817.6746
Cape Verde,2031,3.9128103,11.05397,2764.3953
Central African Republic,2022,6.5916758,11.475718,2226.3938
Central African Republic,2023,6.029024,11.345716,2340.8538
Central African Republic,2024,5.7500534,10.228648,2313.3804
Central African Republic,2025,6.0420322,9.4036665,2355.257
Central African Republic,2026,7.232708,7.8062944,2305.007
Central African Republic,2027,6.601854,5.015452,2384.048
Central African Republic,2028,6.5095553,3.944837,2390.9045
Central African Republic,2029,6.2313156,3.889907,2249.6252
Central African Republic,2030,6.9608803,5.1803055,2488.4263
Central African Republic,2031,7.188726,8.395989,2623.9668
Chad,2022,8.2238865,15.528789,2485.2146
Chad,2023,7.909442,16.645163,2722.8386
Chad,2024,6.9987493,16.093693,2809.3281
Chad,2025,7.5144334,14.150762,2893.5056
Chad,2026,8.219738,10.467569,2958.9456
Chad,2027,8.44998,7.627733,2940.6982
Chad,2028,7.5471807,10.364249,2286.9417
Chad,2029,7.2271857,12.378752,2432.5786
Chad,2030,6.518259,9.797417,2646.4355
Chad,2031,6.7125797,18.900023,3151.202
Chile,2022,7.749158,21.377817,2847.377
Chile,2023,7.895735,20.653572,2675.5156
Chile,2024,9.292056,22.428307,2665.6265
Chile,2025,8.591356,21.544605,2675.4094
Chile,2026,9.947024,24.545046,2693.1912
Chile,2027,11.185938,26.318132,2729.0488
Chile,2028,10.194341,24.810505,2754.1272
Chile,2029,8.336889,22.752747,2777.5063
Chile,2030,5.6326404,15.741912,2645.5706
Chile,2031,8.760467,13.826478,2750.0042
China,2022,7.288926,15.644869,2478.2463
China,2023,7.102257,15.566323,2461.597
China,2024,7.4534764,16.191803,2481.5144
China,2025,7.430473,18.177729,2623.1682
China,2026,6.748817,20.219347,2778.0027
China,2027,5.8127275,19.05302,2659.5781
China,2028,4.407091,13.850996,2232.904
China,2029,3.190857,4.9367704,2100.077
China,2030,6.5616093,7.536201,2187.6238
China,2031,6.583032,7.270172,2345.7793
Colombia,2022,10.8374,19.709877,3053.6514
Colombia,2023,10.715891,18.132774,2905.8298
Colombia,2024,10.56094,17.785194,2812.2593
Colombia,2025,10.001468,17.09616,2724.9346
Colombia,2026,9.100703,16.416473,2692.4639
Colombia,2027,8.535873,17.029243,2710.6335
Colombia,2028,7.9271107,19.723318,2849.5417
Colombia,2029,7.2820654,22.8251,3144.28
Colombia,2030,9.077416,20.813683,3260.0408
Colombia,2031,12.890171,24.020063,3198.324
Comoros,2022,8.956898,16.859938,2369.3638
Comoros,2023,8.996364,18.220615,2583.2625
Comoros,2024,7.9576883,17.777617,2577.1514
Comoros,2025,8.674187,19.761047,2799.16
Comoros,2026,9.404385,18.898361,2706.0432
Comoros,2027,10.25787,19.020504,2640.6997
Comoros,2028,10.263955,17.792713,2768.0146
Comoros,2029,6.867846,7.0685396,2722.6545
Comoros,2030,5.9906993,2.1858706,2310.4316
Comoros,2031,9.223504,12.349623,2639.8132
Congo,2022,6.1755905,13.959176,2564.0781
Congo,2023,5.7858424,12.418816,2707.4917
Congo,2024,5.919491,8.294517,2490.0046
Congo,2025,6.2444167,5.660713,2500.8547
Congo,2026,7.121505,3.291784,2454.8945
Congo,2027,5.801862,-1.0505543,2336.1965
Congo,2028,4.2777276,-1.6276208,2264.5142
Congo,2029,6.2301135,5.313625,2661.6785
Congo,2030,6.3050666,3.6185577,2280.3225
Congo,2031,5.9527645,7.682139,2407.2974
Costa Rica,2022,8.12213,20.67759,3087.3875
Costa Rica,2023,9.031018,22.482315,3068.6602
Costa Rica,2024,9.50376,23.33774,3073.484
Costa Rica,2025,8.910846,22.523058,3001.6174
Costa Rica,2026,9.337171,20.119884,2753.9072
Costa Rica,2027,10.8022785,20.374521,2665.5576
Costa Rica,2028,13.93166,27.232645,2899.2393
Costa Rica,2029,13.381106,30.066013,3141.0474
Costa Rica,2030,8.677652,27.717785,3155.3296
Costa Rica,2031,7.6009026,26.018005,3216.987
Cote d'Ivoire,2022,6.7019296,11.615733,2440.5662
Cote d'Ivoire,2023,6.1778874,5.732834,2213.29
Cote d'Ivoire,2024,6.793603,4.888062,2303.7805
Cote d'Ivoire,2025,6.363188,4.9985867,2371.3142
Cote d'Ivoire,2026,6.0122733,5.086406,2442.845
Cote d'Ivoire,2027,6.4113913,10.106679,2487.474
Cote d'Ivoire,2028,7.698683,18.708216,2772.4207
Cote d'Ivoire,2029,7.6339054,21.989855,3050.7449
Cote d'Ivoire,2030,6.0955915,16.18765,2939.2554
Cote d'Ivoire,2031,5.492573,8.832834,2734.3843
Croatia,2022,9.0958605,18.42363,3230.152
Croatia,2023,9.268539,18.008764,3065.2058
Croatia,2024,10.8642435,22.547878,3189.8865
Croatia,2025,9.265675,21.401,3005.7292
Croatia,2026,5.615175,17.962776,2878.6538
Croatia,2027,4.557614,20.851068,2924.1624
Croatia,2028,5.3305764,23.251995,3000.4045
Croatia,2029,7.0452666,25.640139,3239.4685
Croatia,2030,6.569355,18.483894,2964.529
Croatia,2031,6.676035,14.463396,2664.7505
Cuba,2022,8.488558,15.340502,2341.9963
Cuba,2023,7.2535987,10.550321,2158.4504
Cuba,2024,7.490453,7.1002355,2058.092
Cuba,2025,6.487626,4.8378606,2042.5677
Cuba,2026,7.0442615,4.3151574,2075.3835
Cuba,2027,8.127552,4.217944,2162.0762
Cuba,2028,9.996879,4.7744827,2242.888
Cuba,2029,11.601401,3.853171,2481.372
Cuba,2030,10.206251,9.497198,2999.3474
Cuba,2031,9.146472,14.164667,2415.8027
Cyprus,2022,8.340772,21.31541,2939.0598
Cyprus,2023,8.172433,22.195961,2938.371
Cyprus,2024,8.130598,22.873905,2931.5498
Cyprus,2025,8.031752,22.30019,2897.3396
Cyprus,2026,8.269951,22.875185,2904.5322
Cyprus,2027,8.369854,23.033306,2943.0847
Cyprus,2028,8.270889,22.556484,3001.0354
Cyprus,2029,8.566301,21.183302,3005.9355
Cyprus,2030,8.889594,20.501822,2982.9731
Cyprus,2031,9.390448,20.155306,2941.8262
Czechia,2022,11.093822,17.411728,2673.376
Czechia,2023,9.54029,13.538378,2498.505
Czechia,2024,12.268003,17.359755,2589.3613
Czechia,2025,12.720537,17.921795,2503.7737
Czechia,2026,9.166878,9.053282,2287.5269
Czechia,2027,8.410476,4.847321,2243.2505
Czechia,2028,11.528754,4.9551682,2191.8545
Czechia,2029,13.375814,6.2323546,2367.2158
Czechia,2030,7.5730147,20.563131,3045.0042
Czechia,2031,11.948125,24.892654,3024.1587
Democratic Republic of Congo,2022,7.9072447,11.680802,2404.545
Democratic Republic of Congo,2023,7.791702,12.105189,2473.0635
Democratic Republic of Congo,2024,7.461178,11.424477,2426.0388
Democratic Republic of Congo,2025,7.9636717,11.98593,2430.9023
Democratic Republic of Congo,2026,9.116681,13.760394,2471.911
Democratic Republic of Congo,2027,8.527023,13.410181,2351.6113
Democratic Republic of Congo,2028,7.0212216,12.800972,2348.0664
Democratic Republic of Congo,2029,5.879628,11.163854,2515.9202
Democratic Republic of Congo,2030,6.7835946,10.727072,2546.6934
Democratic Republic of Congo,2031,7.798857,10.976479,2384.6453
Denmark,2022,3.7505848,10.788654,2753.4004
Denmark,2023,2.4848228,10.861134,2589.805
Denmark,2024,1.3146005,11.2858,2489.722
Denmark,2025,1.8205649,10.574922,2432.527
Denmark,2026,3.7253516,9.44149,2286.8313
Denmark,2027,5.5557957,8.533676,2139.7334
Denmark,2028,6.9129868,7.572783,2040.9022
Denmark,2029,7.557511,7.3149214,2054.2444
Denmark,2030,4.263278,13.87189,2590.2634
Denmark,2031,4.129497,18.126265,3393.481
Djibouti,2022,9.06782,16.434214,2610.0132
Djibouti,2023,8.981931,15.70219,2622.319
Djibouti,2024,8.549866,14.385587,2635.1206
Djibouti,2025,8.275453,13.660161,2686.8953
Djibouti,2026,7.992443,13.641783,2740.9019
Djibouti,2027,6.670985,10.307052,2737.1143
Djibouti,2028,6.703558,11.117021,2505.0176
Djibouti,2029,8.104772,15.132312,2762.592
Djibouti,2030,9.582129,19.72152,3140.609
Djibouti,2031,9.958874,17.83785,3230.1711
Dominica,2022,7.5801306,22.547968,2901.0386
Dominica,2023,8.299249,23.287653,2853.8926
Dominica,2024,8.508529,22.02444,2725.3313
Dominica,2025,8.412768,21.115438,2604.0952
Dominica,2026,9.020775,22.388348,2584.0605
Dominica,2027,9.03114,22.786943,2669.4387
Dominica,2028,9.612882,23.703207,2751.6494
Dominica,2029,8.906811,20.882988,2705.8645
Dominica,2030,6.3484855,15.323408,2680.4219
Dominica,2031,8.41056,14.341299,2639.8115
Dominican Republic,2022,6.7725563,18.844873,2965.6626
Dominican Republic,2023,7.0318885,20.063248,2798.907
Dominican Republic,2024,7.5994678,20.635473,2739.0757
Dominican Republic,2025,7.5535517,19.972466,2712.3389
Dominican Republic,2026,12.477483,27.17187,2734.9727
Dominican Republic,2027,11.267863,24.968647,2735.3003
Dominican Republic,2028,8.595144,23.89533,2922.1616
Dominican Republic,2029,7.2807927,20.95002,2955.976
Dominican Republic,2030,6.6588593,14.289129,2778.432
Dominican Republic,2031,8.187802,18.957241,2987.3423
East Timor,2022,9.381057,14.9520035,2537.5498
East Timor,2023,9.817431,16.012535,2719.5771
East Timor,2024,8.192826,14.727618,2573.1257
East Timor,2025,8.187006,16.9877,2684.0593
East Timor,2026,8.292154,16.496845,2628.115
East Timor,2027,8.132877,16.674734,2616.6274
East Timor,2028,8.903079,18.272509,2844.579
East Timor,2029,8.650861,17.395277,3048.3396
East Timor,2030,6.3937836,10.358946,2779.869
East Timor,2031,8.097529,11.261595,2563.9814
Ecuador,2022,7.891075,12.704092,3125.7217
Ecuador,2023,8.70719,12.587069,3002.0945
Ecuador,2024,10.972718,16.32738,2954.7808
Ecuador,2025,10.737576,17.354866,2895.7024
Ecuador,2026,6.280302,9.626399,2643.184
Ecuador,2027,5.2571216,11.4426,2607.6106
Ecuador,2028,6.3848915,15.934204,2792.7273
Ecuador,2029,7.204534,18.81538,2960.423
Ecuador,2030,10.067115,22.361425,3226.3745
Ecuador,2031,9.437179,20.477537,3339.4368
Egypt,2022,10.680052,18.437634,2459.5693
Egypt,2023,12.174603,21.087341,2583.789
Egypt,2024,9.62254,18.501709,2505.4338
Egypt,2025,9.580465,20.44148,2687.28
Egypt,2026,8.191031,20.986494,2815.7485
Egypt,2027,8.262033,23.269043,3022.4048
Egypt,2028,9.135377,24.886686,3147.7478
Egypt,2029,9.519649,24.014315,3110.9646
Egypt,2030,9.182464,20.580994,2954.8523
Egypt,2031,7.4109874,20.946085,2936.974
El Salvador,2022,7.8866477,15.206713,2971.884
El Salvador,2023,7.7359633,13.146056,2916.985
El Salvador,2024,8.448277,16.330389,3139.631
El Salvador,2025,6.7297044,19.252878,3255.7808
El Salvador,2026,6.6073194,11.291594,2591.5437
El Salvador,2027,7.3811355,12.400177,2390.7864
El Salvador,2028,10.958451,22.686068,2760.7666
El Salvador,2029,11.923019,22.501577,3008.677
El Salvador,2030,12.341329,21.800339,3058.8452
El Salvador,2031,10.002339,18.233274,2902.8599
Estonia,2022,9.43235,18.947397,2658.2412
Estonia,2023,7.2797246,14.363734,2535.0266
Estonia,2024,8.145905,15.55853,2582.3457
Estonia,2025,7.6095443,20.23373,2791.541
Estonia,2026,6.795401,23.17784,2965.9724
Estonia,2027,6.7631526,20.41004,2861.547
Estonia,2028,7.872069,12.669626,2532.2754
Estonia,2029,8.0186,15.6083555,2727.9932
Estonia,2030,7.88814,17.080994,2785.789
Estonia,2031,8.042408,13.164052,2856.5303
Eswatini,2022,7.196839,16.143156,2865.836
Eswatini,2023,6.3953066,13.9847555,2928.234
Eswatini,2024,5.921016,5.1131787,2739.7004
Eswatini,2025,6.171242,0.57411385,2215.645
Eswatini,2026,8.286204,7.423084,2427.8608
Eswatini,2027,6.279469,5.135182,2416.356
Eswatini,2028,6.536134,4.2653418,2190.3196
Eswatini,2029,5.803896,5.4991374,2271.955
Eswatini,2030,7.7752223,11.677427,2625.2896
Eswatini,2031,9.794361,15.327273,3080.3315
Ethiopia,2022,8.167146,16.728367,2843.3606
Ethiopia,2023,7.911628,17.426067,2991.4954
Ethiopia,2024,7.0950394,17.232672,3048.6377
Ethiopia,2025,6.655227,15.1477165,3000.0554
Ethiopia,2026,6.739884,11.89651,2937.541
Ethiopia,2027,7.0413256,9.653896,3054.0608
Ethiopia,2028,6.976068,10.437307,2911.9482
Ethiopia,2029,6.5682034,9.253352,2510.692
Ethiopia,2030,6.548857,2.5245051,2534.4287
Ethiopia,2031,5.349405,7.691681,2264.7434
Fiji,2022,8.543468,21.152016,2839.5005
Fiji,2023,9.155603,21.963142,2744.2485
Fiji,2024,9.127856,22.378658,2715.9568
Fiji,2025,8.323876,22.989185,2808.5413
Fiji,2026,7.6633244,23.398798,2935.8252
Fiji,2027,7.8530297,23.661335,3011.7764
Fiji,2028,8.082665,23.233536,3030.1675
Fiji,2029,7.3341746,22.617918,3049.3323
Fiji,2030,6.7707777,21.522394,3044.438
Fiji,2031,6.2219954,15.586238,2836.3438
Finland,2022,9.070421,20.310585,2806.6394
Finland,2023,8.032763,20.389967,2781.3298
Finland,2024,7.9191585,21.51075,2893.4775
Finland,2025,7.2718186,21.707462,2917.4587
Finland,2026,7.34297,21.12049,2857.9111
Finland,2027,7.7264113,19.712234,2763.5825
Finland,2028,8.009958,16.498608,2653.3125
Finland,2029,7.5064754,17.10371,2754.892
Finland,2030,6.145104,18.925167,2959.8804
Finland,2031,7.9480147,17.399551,2894.366
France,2022,3.0257215,18.202705,2943.5818
France,2023,2.373093,16.334023,2831.2437
France,2024,2.6722205,14.915762,2671.208
France,2025,3.4287531,13.312876,2531.3926
France,2026,4.3649073,12.272337,2432.0159
France,2027,5.1675,10.828713,2344.5688
France,2028,6.152414,9.22886,2314.9924
France,2029,6.3746533,10.059868,2426.977
France,2030,4.1292357,15.017747,2785.9814
France,2031,4.30174,18.038845,3381.5042
Gabon,2022,7.8119802,23.533829,3058.7102
Gabon,2023,6.5487113,20.229673,3088.7605
Gabon,2024,5.922633,9.027164,2706.3396
Gabon,2025,7.4445667,5.440403,2350.8828
Gabon,2026,6.33712,15.693553,3070.029
Gabon,2027,8.502685,19.084293,2911.8499
Gabon,2028,8.071331,14.29511,2404.6099
Gabon,2029,6.654842,6.856189,2108.259
Gabon,2030,6.439549,10.377702,2299.3215
Gabon,2031,11.210281,17.387476,3065.1816
Gambia,2022,5.935722,16.098038,2307.654
Gambia,2023,4.614258,12.722695,2274.7073
Gambia,2024,5.390535,9.153355,2594.1267
Gambia,2025,8.860343,9.634848,2872.998
Gambia,2026,6.837823,15.69908,3357.1643
Gambia,2027,6.7011447,14.241142,3399.2297
Gambia,2028,6.3561134,13.218432,3191.1118
Gambia,2029,5.7562356,11.142371,2697.2466
Gambia,2030,6.7405896,12.7648735,2453.236
Gambia,2031,6.276893,10.750584,2401.3867
Georgia,2022,8.46364,24.517221,3094.6936
Georgia,2023,6.866153,19.451283,3024.949
Georgia,2024,5.8040967,9.334674,2809.6199
Georgia,2025,6.8342767,11.041051,2925.9102
Georgia,2026,10.161142,22.506176,3314.0679
Georgia,2027,8.773679,22.595375,2898.5183
Georgia,2028,5.2977223,11.395351,2427.7861
Georgia,2029,4.7296543,14.088816,2338.536
Georgia,2030,9.999167,21.44009,2675.626
Georgia,2031,13.262471,24.528147,3105.013
Germany,2022,4.625372,19.323341,2896.9429
Germany,2023,4.4119477,16.867666,2723.0059
Germany,2024,4.7297196,13.831801,2524.1238
Germany,2025,4.7743177,9.408097,2354.901
Germany,2026,5.676442,7.8387437,2241.488
Germany,2027,6.752458,6.139499,2156.0815
Germany,2028,8.282702,3.745985,2110.6912
Germany,2029,10.282881,3.4741254,2118.7007
Germany,2030,11.708807,8.059718,2281.8743
Germany,2031,10.813478,21.339537,3073.147
Ghana,2022,5.6299767,4.6903634,2158.3662
Ghana,2023,5.6870456,3.386346,2166.1577
Ghana,2024,5.9342413,4.635612,2277.9817
Ghana,2025,5.812036,5.7960577,2331.08
Ghana,2026,6.190283,4.940963,2358.2996
Ghana,2027,6.6486497,5.6711593,2304.9514
Ghana,2028,7.3907795,11.479148,2363.373
Ghana,2029,7.8435173,18.332811,2604.845
Ghana,2030,6.555556,16.810816,2784.2812
Ghana,2031,5.639328,8.576732,2637.453
Greece,2022,7.6861486,12.509524,2649.4026
Greece,2023,6.704872,9.373842,2492.0835
Greece,2024,7.874125,10.907839,2344.9524
Greece,2025,8.043036,11.842362,2246.5642
Greece,2026,7.69932,10.577136,2192.4827
Greece,2027,7.3650684,4.856386,2042.5061
Greece,2028,10.214337,1.6180544,1986.2551
Greece,2029,14.787378,3.9338162,2359.8015
Greece,2030,11.355575,26.461586,3196.6313
Greece,2031,7.015381,9.094403,2521.485
Grenada,2022,8.977042,19.054117,2920.3115
Grenada,2023,9.506739,20.345894,2964.268
Grenada,2024,9.601117,19.816923,2795.026
Grenada,2025,9.446867,21.278736,2844.9473
Grenada,2026,7.9738736,20.468182,2838.7024
Grenada,2027,7.1669545,19.03905,2905.2424
Grenada,2028,8.043756,18.52018,2988.0264
Grenada,2029,8.359439,18.82566,3027.4058
Grenada,2030,8.079861,12.014817,3053.3096
Grenada,2031,6.708459,13.924908,3026.2942
Guatemala,2022,10.372263,19.355232,2711.8452
Guatemala,2023,10.739317,20.949017,2727.7556
Guatemala,2024,9.774584,20.54818,2662.2307
Guatemala,2025,9.711064,21.208609,2699.098
Guatemala,2026,8.753292,21.33116,2754.7363
Guatemala,2027,8.077415,22.855743,2878.759
Guatemala,2028,7.4028654,23.254955,2949.4976
Guatemala,2029,7.3127246,22.826189,2989.1978
Guatemala,2030,7.6820493,21.594427,2992.6802
Guatemala,2031,7.841053,16.855267,2892.86
Guinea,2022,8.103472,16.032913,2698.706
Guinea,2023,7.1277113,10.989355,2423.4248
Guinea,2024,6.7822986,6.6285644,2319.6465
Guinea,2025,6.4697223,4.6546764,2332.469
Guinea,2026,6.237496,3.5457299,2330.7957
Guinea,2027,5.4689555,6.3336987,2240.6785
Guinea,2028,6.3345833,11.4765625,2316.6335
Guinea,2029,7.7261963,15.1216345,2637.9119
Guinea,2030,6.260971,15.583186,2981.3506
Guinea,2031,6.5881076,11.96117,2890.32
Guinea-Bissau,2022,5.553326,1.8985769,2519.3105
Guinea-Bissau,2023,6.012085,-1.5643549,2376.1401
Guinea-Bissau,2024,7.117056,-1.4219179,2249.8655
Guinea-Bissau,2025,6.5067573,2.8630455,2404.9993
Guinea-Bissau,2026,7.097738,4.1328545,2457.0383
Guinea-Bissau,2027,7.2423806,5.258211,2468.3167
Guinea-Bissau,2028,6.030713,5.4190063,2513.098
Guinea-Bissau,2029,6.1032205,8.073934,2674.1199
Guinea-Bissau,2030,8.641697,13.72578,2764.0457
Guinea-Bissau,2031,13.806981,25.328194,2765.0852
Guyana,2022,8.84826,17.458874,2608.0083
Guyana,2023,10.680727,20.524685,2617.8677
Guyana,2024,10.651148,23.962214,2879.9897
Guyana,2025,10.399739,24.202658,3068.403
Guyana,2026,10.175421,24.896412,3397.1165
Guyana,2027,9.9456415,20.95277,3381.7844
Guyana,2028,9.818266,17.823927,2915.161
Guyana,2029,10.971569,27.91827,2309.6755
Guyana,2030,12.864783,35.968086,2486.104
Guyana,2031,8.854862,10.405649,2838.2363
Haiti,2022,8.36019,10.86378,2847.6633
Haiti,2023,8.389615,11.170324,2832.6863
Haiti,2024,7.772545,9.537406,2475.7488
Haiti,2025,7.36453,12.777737,2707.245
Haiti,2026,5.924555,17.09345,3051.5676
Haiti,2027,6.0942655,17.05363,3055.1555
Haiti,2028,6.0124702,16.332706,2969.6948
Haiti,2029,5.743692,14.047985,2913.5186
Haiti,2030,5.917286,8.870155,2455.7493
Haiti,2031,5.499759,5.252084,2188.7327
Honduras,2022,8.4165325,9.908642,2971.224
Honduras,2023,8.5594425,9.9144745,2863.5474
Honduras,2024,8.408569,15.102742,3006.438
Honduras,2025,7.6993814,19.523031,3083.3796
Honduras,2026,5.6072216,10.23995,2633.57
Honduras,2027,7.47967,12.149863,2476.803
Honduras,2028,8.004519,17.845419,2755.6028
Honduras,2029,10.081256,18.978168,3073.427
Honduras,2030,10.581639,18.113825,3175.3103
Honduras,2031,7.556049,8.779087,2490.6821
Hungary,2022,7.7466974,19.675173,3185.3013
Hungary,2023,8.344621,19.647135,3030.6482
Hungary,2024,10.775429,20.168688,2893.5713
Hungary,2025,10.737669,14.846257,2555.2332
Hungary,2026,8.524253,9.74047,2364.7861
Hungary,2027,8.048687,5.702377,2212.6462
Hungary,2028,10.35682,5.3364735,2167.9358
Hungary,2029,11.958861,5.3542404,2126.6257
Hungary,2030,12.6079445,8.525325,2240.7412
Hungary,2031,8.223775,15.6929,2862.6145
Iceland,2022,4.4320908,21.206268,2792.5107
Iceland,2023,3.8421643,17.623625,2651.547
Iceland,2024,3.7965221,14.343488,2562.3591
Iceland,2025,4.66502,11.883196,2432.423
Iceland,2026,6.3065505,11.817536,2344.9038
Iceland,2027,6.6482615,11.934594,2307.01
Iceland,2028,6.802152,11.662823,2385.5518
Iceland,2029,7.7095103,12.334722,2647.6304
Iceland,2030,7.045296,18.264309,2945.2388
Iceland,2031,6.6501603,23.292221,3199.738
India,2022,7.1900406,16.276743,2355.0269
India,2023,6.6286187,17.051155,2493.3633
India,2024,6.031264,16.96927,2485.3616
India,2025,5.5217996,18.860664,2664.329
India,2026,6.4680085,17.909687,2469.3367
India,2027,7.0939584,18.03478,2345.3528
India,2028,5.817349,15.725029,2535.982
India,2029,6.8500195,9.1204,2911.7683
India,2030,10.361068,9.633413,2340.8662
India,2031,9.087198,12.528752,2576.2153
Indonesia,2022,7.4787555,16.548616,2565.9495
Indonesia,2023,6.8719,18.022875,2731.1658
Indonesia,2024,6.116475,18.844208,2803.2424
Indonesia,2025,5.8618245,19.927534,2947.4094
Indonesia,2026,5.734495,18.814514,2753.612
Indonesia,2027,6.1715965,16.202728,2285.345
Indonesia,2028,5.1438804,13.848175,2159.6326
Indonesia,2029,3.9437094,7.3958883,2252.5269
Indonesia,2030,5.087536,4.418673,2066.197
Indonesia,2031,8.548232,13.147265,2771.8435
Iran,2022,11.225285,27.051212,3280.331
Iran,2023,10.720978,26.523981,3289.2026
Iran,2024,8.218346,21.562565,3061.353
Iran,2025,7.041926,16.823381,2590.1108
Iran,2026,7.183803,16.208036,2431.0266
Iran,2027,9.418157,20.884844,2649.9946
Iran,2028,13.061664,26.239595,2887.8596
Iran,2029,13.748596,28.035189,2954.7817
Iran,2030,11.307058,28.80902,3192.429
Iran,2031,5.2223845,20.930716,3021.023
Iraq,2022,8.543525,18.39963,2822.8416
Iraq,2023,8.802053,17.585562,2681.7168
Iraq,2024,8.32863,15.82241,2423.1936
Iraq,2025,7.5321584,16.329588,2508.178
Iraq,2026,6.334802,18.554035,2847.006
Iraq,2027,6.167693,19.402111,3032.9504
Iraq,2028,6.495212,18.30783,3021.4053
Iraq,2029,7.429557,15.319646,2988.777
Iraq,2030,7.4771924,10.876527,2711.648
Iraq,2031,7.592447,8.601682,2754.6099
Ireland,2022,4.4159255,20.428268,2912.453
Ireland,2023,4.4583225,17.908022,2662.6116
Ireland,2024,5.0430236,15.863604,2562.5413
Ireland,2025,5.997778,13.9612465,2480.863
Ireland,2026,7.3597903,12.827367,2403.0479
Ireland,2027,9.018964,10.40396,2346.5623
Ireland,2028,10.70919,8.536037,2331.4387
Ireland,2029,11.14092,10.375364,2255.1316
Ireland,2030,9.534117,14.821418,2462.2134
Ireland,2031,8.528812,27.732946,2868.7205
Israel,2022,4.577623,12.252961,2592.8303
Israel,2023,4.58348,9.995692,2468.9988
Israel,2024,5.327956,7.3770475,2251.7532
Israel,2025,5.7733464,5.4074535,2137.838
Israel,2026,6.3542185,4.5260963,2088.4658
Israel,2027,7.011236,4.031011,2089.4905
Israel,2028,8.209637,5.05896,2103.2424
Israel,2029,9.940026,6.73146,2307.1394
Israel,2030,9.649169,7.8966684,2572.0527
Israel,2031,8.129885,19.149336,3210.5774
Italy,2022,5.8482122,18.501816,3082.0193
Italy,2023,4.212114,17.75476,2971.9536
Italy,2024,3.1677158,14.623917,2709.821
Italy,2025,4.4151926,12.251025,2511.563
Italy,2026,6.1823025,10.962784,2338.1538
Italy,2027,7.3175545,10.084337,2231.7932
Italy,2028,7.8790855,9.155438,2135.058
Italy,2029,8.337569,8.211667,2061.8494
Italy,2030,8.638993,7.6592793,2177.1501
Italy,2031,8.758038,20.615479,2964.138
Jamaica,2022,7.8097053,23.778479,2855.1814
Jamaica,2023,7.5745826,23.188217,2859.9224
Jamaica,2024,6.8877916,21.087265,2781.1108
Jamaica,2025,6.6307106,19.595966,2760.61
Jamaica,2026,6.0634084,18.381954,2846.8591
Jamaica,2027,5.7784944,17.947165,2915.3335
Jamaica,2028,6.6955132,14.133371,2801.552
Jamaica,2029,8.080784,11.88471,2530.414
Jamaica,2030,11.158535,17.286016,2714.3037
Jamaica,2031,14.087289,23.17483,2980.32
Japan,2022,6.958751,15.451664,2557.925
Japan,2023,6.721092,16.173922,2674.595
Japan,2024,6.3878713,16.24223,2717.5923
Japan,2025,6.2471495,16.751635,2825.3486
Japan,2026,6.4511614,16.668707,2824.5618
Japan,2027,6.2019277,14.058009,2544.4507
Japan,2028,4.3304477,3.3422935,2348.0078
Japan,2029,6.449653,8.397362,2931.7397
Japan,2030,9.89203,9.206657,2278.171
Japan,2031,9.256487,9.005006,2410.1934
Jordan,2022,8.3311825,20.441586,2659.2542
Jordan,2023,9.069192,21.659292,2587.958
Jordan,2024,8.698788,22.151833,2547.1206
Jordan,2025,7.372692,22.15053,2638.9238
Jordan,2026,5.944567,22.317463,2803.4001
Jordan,2027,5.3245773,22.622494,2878.0652
Jordan,2028,5.907808,20.948614,2816.162
Jordan,2029,6.192889,19.617086,2829.2542
Jordan,2030,6.974089,18.245003,3003.844
Jordan,2031,7.866651,13.189406,2851.4019
Kazakhstan,2022,10.62123,26.21404,2796.2185
Kazakhstan,2023,8.223941,19.795637,2629.0886
Kazakhstan,2024,10.548616,18.720554,2821.683
Kazakhstan,2025,9.690141,16.564102,2893.8655
Kazakhstan,2026,10.064476,20.161552,2820.9873
Kazakhstan,2027,11.496419,21.416441,2626.4583
Kazakhstan,2028,10.06887,17.350782,2524.3142
Kazakhstan,2029,7.935715,11.117999,2635.696
Kazakhstan,2030,9.476014,13.1398115,2963.3848
Kazakhstan,2031,8.509062,19.96857,2944.9448
Kenya,2022,7.6107683,7.269214,2506.945
Kenya,2023,7.5818777,5.536449,2485.0552
Kenya,2024,7.1960907,4.7568946,2507.0637
Kenya,2025,6.277738,3.7446535,2477.8352
Kenya,2026,5.472266,3.7632604,2432.109
Kenya,2027,5.7226844,6.721677,2500.139
Kenya,2028,7.160936,12.916667,2773.8198
Kenya,2029,8.435931,16.86167,2955.9453
Kenya,2030,10.640492,22.425507,2870.6665
Kenya,2031,7.020806,21.513353,2685.6377
Kiribati,2022,7.6761622,18.046206,2488.9338
Kiribati,2023,8.148191,18.783073,2363.7976
Kiribati,2024,9.023587,23.002998,2534.1548
Kiribati,2025,7.8027835,25.74489,2783.5857
Kiribati,2026,8.221762,29.263924,3001.2644
Kiribati,2027,7.3231173,28.23536,3019.1018
Kiribati,2028,7.415366,25.751945,2829.5154
Kiribati,2029,7.74809,24.5642,2605.5342
Kiribati,2030,9.385421,28.913294,2659.5474
Kiribati,2031,6.621361,21.878822,3022.2847
Kuwait,2022,10.987617,17.450861,2315.8213
Kuwait,2023,14.189473,21.88448,2342.7642
Kuwait,2024,12.183054,19.035267,2257.131
Kuwait,2025,14.821632,22.508537,2376.3223
Kuwait,2026,11.635086,20.176636,2505.1418
Kuwait,2027,13.950612,26.233442,2971.5142
Kuwait,2028,12.604267,27.52933,3323.9644
Kuwait,2029,11.128901,27.22477,3368.797
Kuwait,2030,9.23936,21.698286,2990.1145
Kuwait,2031,8.207401,18.23575,2698.7192
Kyrgyzstan,2022,8.837653,24.819443,3118.7468
Kyrgyzstan,2023,7.7467656,21.284628,3270.0117
Kyrgyzstan,2024,7.316389,7.598044,2961.7598
Kyrgyzstan,2025,8.4883585,6.6708746,2518.2483
Kyrgyzstan,2026,8.731614,16.238974,2749.1194
Kyrgyzstan,2027,9.234128,16.600527,2641.193
Kyrgyzstan,2028,9.326789,13.980367,2506.438
Kyrgyzstan,2029,7.6531057,10.777018,2408.6296
Kyrgyzstan,2030,10.775695,20.147057,2886.0308
Kyrgyzstan,2031,11.035604,21.377678,3099.4014
Laos,2022,8.003286,14.725853,2292.2083
Laos,2023,7.408514,15.282337,2421.2217
Laos,2024,6.6310806,15.728181,2568.2812
Laos,2025,6.0402064,17.013079,2777.2502
Laos,2026,5.9687285,17.660315,2837.2776
Laos,2027,5.546396,13.649535,2409.0056
Laos,2028,4.988995,4.776546,2442.8564
Laos,2029,7.0643992,9.96388,2803.418
Laos,2030,10.101119,11.983337,2142.4382
Laos,2031,6.674944,8.601638,2855.565
Latvia,2022,9.844248,24.259237,2947.9907
Latvia,2023,8.339492,17.586138,2630.815
Latvia,2024,8.921549,19.763453,2745.176
Latvia,2025,8.921793,22.387272,2896.8252
Latvia,2026,8.721249,23.283703,2943.8281
Latvia,2027,8.059399,21.692173,2906.3174
Latvia,2028,7.6192904,18.851736,2866.1226
Latvia,2029,6.82207,20.20405,3016.3572
Latvia,2030,6.403542,22.513582,3087.9065
Latvia,2031,7.090821,14.929519,2786.636
Lebanon,2022,7.4875336,22.98231,2752.6843
Lebanon,2023,6.870295,22.171392,2640.7625
Lebanon,2024,7.4211454,24.657738,2792.8508
Lebanon,2025,5.0894833,22.373583,2848.2988
Lebanon,2026,6.1294284,20.531635,2648.6616
Lebanon,2027,8.64658,21.84275,2555.0356
Lebanon,2028,12.793397,26.29969,2634.9722
Lebanon,2029,14.699048,28.078629,2822.2693
Lebanon,2030,14.741535,25.55164,3114.044
Lebanon,2031,12.338901,23.230997,3157.0215
Lesotho,2022,7.127549,3.4929233,2692.896
Lesotho,2023,8.462482,3.5603042,2443.8916
Lesotho,2024,10.074217,5.0551844,2477.5217
Lesotho,2025,10.195981,5.7721677,2781.4348
Lesotho,2026,8.21246,4.633356,2573.6067
Lesotho,2027,7.887581,13.084369,2494.374
Lesotho,2028,6.9450784,18.658268,3021.2283
Lesotho,2029,5.3323183,19.02004,3195.3254
Lesotho,2030,5.4778976,17.663778,2925.102
Lesotho,2031,7.708349,22.735584,2523.1716
Liberia,2022,5.105722,7.4540844,2554.6128
Liberia,2023,5.5434456,2.3192177,2594.3228
Liberia,2024,6.1051817,-3.2607386,2282.1938
Liberia,2025,6.8877215,0.49831542,2347.566
Liberia,2026,7.1025777,4.287653,2542.9216
Liberia,2027,8.5582075,5.092823,2507.0845
Liberia,2028,7.358617,6.148435,2378.9905
Liberia,2029,5.9724684,6.8747773,2533.4595
Liberia,2030,7.539097,11.585089,2717.1267
Liberia,2031,11.993309,19.480736,2753.3613
Libya,2022,9.015283,25.53034,2997.2878
Libya,2023,8.338018,25.201462,2885.0574
Libya,2024,8.461176,24.75925,2815.0544
Libya,2025,7.1247363,21.077295,2665.7273
Libya,2026,8.565302,22.386183,2601.5603
Libya,2027,8.66967,22.529606,2592.885
Libya,2028,9.307668,22.071144,2652.5894
Libya,2029,11.504013,22.953835,2770.282
Libya,2030,12.913336,25.443676,2897.364
Libya,2031,10.799704,23.819275,3004.0466
Lithuania,2022,12.22678,19.11164,2648.1243
Lithuania,2023,9.262957,12.200404,2306.9966
Lithuania,2024,11.307171,12.769115,2249.805
Lithuania,2025,11.700422,13.655014,2236.0159
Lithuania,2026,10.183785,11.608474,2219.2495
Lithuania,2027,8.579656,6.9461603,2228.8672
Lithuania,2028,10.673794,5.114043,2257.3572
Lithuania,2029,13.829665,8.030567,2482.8662
Lithuania,2030,7.8223267,18.95777,2924.18
Lithuania,2031,11.848861,23.548111,2750.9707
Luxembourg,2022,6.6845007,18.872335,2855.1104
Luxembourg,2023,5.9380026,15.66035,2617.6367
Luxembourg,2024,5.889983,13.819223,2469.6763
Luxembourg,2025,5.648776,12.074739,2378.5286
Luxembourg,2026,5.735434,11.112649,2316.3572
Luxembourg,2027,6.519244,8.900038,2232.76
Luxembourg,2028,8.007499,6.285326,2144.931
Luxembourg,2029,9.88105,5.1227317,2047.975
Luxembourg,2030,9.2142935,7.179724,2220.8816
Luxembourg,2031,7.5991774,21.198763,2892.67
Madagascar,2022,7.507457,6.9753995,2238.188
Madagascar,2023,7.671249,6.316547,2235.4697
Madagascar,2024,8.217618,6.7477303,2229.8508
Madagascar,2025,8.4998,7.814866,2267.0984
Madagascar,2026,8.476288,10.008575,2328.8484
Madagascar,2027,7.5169683,11.345866,2308.3765
Madagascar,2028,7.014042,12.214423,2297.2725
Madagascar,2029,8.31756,14.0448,2425.896
Madagascar,2030,9.084699,15.551003,2554.905
Madagascar,2031,8.369431,16.988043,2803.606
Malawi,2022,7.3736467,16.102324,2593.3623
Malawi,2023,7.2056665,16.648796,2699.9927
Malawi,2024,6.7107234,16.3458,2685.75
Malawi,2025,6.552691,16.586872,2746.5854
Malawi,2026,6.9401393,16.31248,2737.32
Malawi,2027,7.0108676,14.94397,2491.0916
Malawi,2028,4.83734,6.544736,2308.9478
Malawi,2029,6.8483205,9.966572,2939.9736
Malawi,2030,9.003543,10.514022,2401.9783
Malawi,2031,9.238159,10.993942,2612.8289
Malaysia,2022,8.630558,26.393164,3092.1624
Malaysia,2023,9.836661,27.71835,3397.194
Malaysia,2024,8.085563,25.34073,3095.012
Malaysia,2025,10.387831,25.053825,3089.256
Malaysia,2026,9.988442,25.236616,3084.9526
Malaysia,2027,8.400723,24.498663,3102.0447
Malaysia,2028,9.131562,24.089752,3249.8706
Malaysia,2029,9.564005,23.100903,3168.376
Malaysia,2030,7.8737516,23.478468,3357.1062
Malaysia,2031,7.691663,24.363802,2979.4204
Maldives,2022,8.04614,22.869171,2904.1147
Maldives,2023,7.651678,23.175343,3014.987
Maldives,2024,6.7061667,20.126806,2745.2073
Maldives,2025,8.226456,19.173449,2690.1362
Maldives,2026,8.666788,19.684143,2488.5679
Maldives,2027,8.213278,19.261951,2346.326
Maldives,2028,6.290567,16.003832,2624.768
Maldives,2029,7.6074824,8.218027,2801.9004
Maldives,2030,9.5264225,14.106815,2969.1006
Maldives,2031,12.897922,17.71316,2784.3684
Mali,2022,6.690673,14.385836,2567.6555
Mali,2023,6.4141955,12.3000555,2411.6692
Mali,2024,6.165916,8.374224,2265.3345
Mali,2025,6.301703,3.693971,2304.374
Mali,2026,6.197854,3.1183517,2354.9373
Mali,2027,5.1470575,5.4757776,2434.4226
Mali,2028,5.533774,11.559395,2615.496
Mali,2029,7.0773425,14.4548855,2760.9878
Mali,2030,6.153803,13.684262,2849.6409
Mali,2031,6.104004,10.969685,2843.158
Malta,2022,12.040853,14.436739,2470.496
Malta,2023,10.453802,12.262593,2355.4924
Malta,2024,12.937505,14.086641,2313.605
Malta,2025,12.636003,12.5454,2231.7786
Malta,2026,11.05794,10.105172,2224.1553
Malta,2027,9.645834,6.221545,2241.8008
Malta,2028,11.898438,5.59239,2295.334
Malta,2029,13.355159,10.60135,2809.5366
Malta,2030,10.085832,18.298687,2776.304
Malta,2031,9.988007,22.472948,2834.4607
Mauritania,2022,6.22893,15.040128,2443.2837
Mauritania,2023,5.762962,9.023671,2158.904
Mauritania,2024,5.0854936,4.8554115,2013.3617
Mauritania,2025,5.766616,3.0194855,2164.9448
Mauritania,2026,6.218174,5.861925,2423.328
Mauritania,2027,5.1882954,9.117486,2682.4993
Mauritania,2028,6.2443395,17.651,3087.572
Mauritania,2029,7.6793065,21.228268,3252.5576
Mauritania,2030,6.436315,17.812387,3032.7598
Mauritania,2031,4.484796,10.521254,2711.4065
Mauritius,2022,7.671629,25.777933,3164.6462
Mauritius,2023,8.128255,27.90235,3534.2786
Mauritius,2024,6.7512155,24.644423,3189.8774
Mauritius,2025,10.316609,24.070705,3000.0376
Mauritius,2026,10.454334,24.952074,3025.297
Mauritius,2027,10.439025,24.50901,3001.5212
Mauritius,2028,10.74431,23.307524,3048.5295
Mauritius,2029,11.029385,21.991053,2983.9146
Mauritius,2030,8.765282,23.628069,3307.3303
Mauritius,2031,6.7531314,23.574486,2886.7122
Mexico,2022,8.443352,23.593143,3000.1475
Mexico,2023,8.877437,25.15333,3044.1506
Mexico,2024,6.631685,22.427378,2839.6042
Mexico,2025,7.995806,23.667994,2756.3606
Mexico,2026,7.5106406,22.938156,2698.4094
Mexico,2027,9.693864,24.007914,2839.419
Mexico,2028,10.940979,25.726814,3152.645
Mexico,2029,10.96755,24.89429,3520.3804
Mexico,2030,8.759786,15.351641,3120.7817
Mexico,2031,6.910802,13.53528,2856.4963
Micronesia (country),2022,7.6145997,18.839333,2567.6868
Micronesia (country),2023,7.995894,18.676746,2369.536
Micronesia (country),2024,8.0843115,21.566824,2529.0771
Micronesia (country),2025,5.3211746,22.475441,2758.3972
Micronesia (country),2026,5.2977576,24.476233,2955.7874
Micronesia (country),2027,5.95334,25.564726,2991.7063
Micronesia (country),2028,7.2155566,25.276545,2854.95
Micronesia (country),2029,7.7359076,23.16693,2649.601
Micronesia (country),2030,8.1385,25.578775,2849.6858
Micronesia (country),2031,6.7028522,15.892761,3003.472
Moldova,2022,9.725785,11.134841,2991.1003
Moldova,2023,9.802455,10.85686,2864.3655
Moldova,2024,9.5414295,12.839108,2891.2263
Moldova,2025,8.0706625,15.524265,3105.454
Moldova,2026,6.022433,13.907143,2998.074
Moldova,2027,6.7830124,13.342403,2704.6003
Moldova,2028,7.830118,15.464455,2734.5076
Moldova,2029,8.9138565,19.281523,3090.7966
Moldova,2030,8.154288,18.54507,3243.9478
Moldova,2031,7.7353015,14.729171,2540.6821
Mongolia,2022,8.008057,21.236023,2862.753
Mongolia,2023,6.9710894,19.197815,2872.4854
Mongolia,2024,5.611459,11.052953,2802.466
Mongolia,2025,4.187337,1.7883058,2743.9846
Mongolia,2026,6.1072354,16.61321,3058.9536
Mongolia,2027,5.773815,23.953127,3217.576
Mongolia,2028,7.5545945,15.876814,2519.4604
Mongolia,2029,5.8602896,7.5385213,2020.7728
Mongolia,2030,5.610803,7.62446,2160.4617
Mongolia,2031,9.917536,15.325652,2982.432
Montenegro,2022,7.384166,16.01198,2625.8298
Montenegro,2023,6.2898316,11.957615,2462.7473
Montenegro,2024,7.204306,10.105071,2354.3596
Montenegro,2025,6.1626244,6.4700093,2182.3135
Montenegro,2026,6.827733,5.6677203,2153.28
Montenegro,2027,7.246692,5.6076818,2146.023
Montenegro,2028,7.8083115,6.822972,2244.8232
Montenegro,2029,9.055549,9.833789,2575.9353
Montenegro,2030,8.237607,9.527689,2773.9778
Montenegro,2031,8.714911,10.204143,2756.396
Morocco,2022,12.455375,31.094685,2723.3516
Morocco,2023,10.203486,27.78407,2675.1946
Morocco,2024,11.819603,28.809288,2744.9646
Morocco,2025,9.117292,22.272596,2872.5825
Morocco,2026,10.188487,21.568108,3020.3838
Morocco,2027,9.875311,20.256958,2972.486
Morocco,2028,11.532196,20.336895,2628.9353
Morocco,2029,10.247321,15.921537,2315.0876
Morocco,2030,12.298289,19.733774,2410.7805
Morocco,2031,9.857042,15.101988,2424.8745
Mozambique,2022,7.1087785,3.1943238,2168.7944
Mozambique,2023,6.1058884,1.1712462,2400.7761
Mozambique,2024,5.7859607,0.15364225,2333.0305
Mozambique,2025,5.1826706,-2.4709694,2053.87
Mozambique,2026,4.740851,-3.3081675,2019.1544
Mozambique,2027,4.591044,0.09910446,2395.948
Mozambique,2028,6.3589926,6.258323,2711.3838
Mozambique,2029,8.187292,10.8205,2719.9521
Mozambique,2030,9.545026,16.056767,2651.7405
Mozambique,2031,8.72774,22.752552,2764.1724
Myanmar,2022,7.2942615,15.785502,2528.1174
Myanmar,2023,6.8397894,16.152464,2616.6543
Myanmar,2024,6.3459325,16.088337,2656.6646
Myanmar,2025,5.9928102,16.869394,2802.046
Myanmar,2026,5.900096,17.561192,2858.2173
Myanmar,2027,5.666055,15.009597,2487.887
Myanmar,2028,4.135502,3.8651295,2218.7007
Myanmar,2029,6.5397167,8.961317,2939.8052
Myanmar,2030,9.6138735,11.039932,2369.0344
Myanmar,2031,10.368594,8.501485,2247.2207
Namibia,2022,6.8778095,9.0226,2936.7012
Namibia,2023,6.9619985,10.218804,2923.692
Namibia,2024,6.8333826,12.64758,2939.8687
Namibia,2025,5.737815,16.0879,3074.8823
Namibia,2026,5.705814,12.61655,2768.6953
Namibia,2027,6.898148,8.747678,2405.9187
Namibia,2028,6.789371,8.914165,2371.0007
Namibia,2029,6.6482744,8.560067,2489.4495
Namibia,2030,7.4062777,8.809485,2467.476
Namibia,2031,6.437099,5.9407263,2301.2173
Nauru,2022,7.171115,6.231397,3481.1624
Nauru,2023,6.635667,5.102519,3345.7908
Nauru,2024,7.3671393,8.428968,3236.5957
Nauru,2025,6.2583547,11.337519,2738.5757
Nauru,2026,8.937556,20.720318,2289.7761
Nauru,2027,12.621556,32.93583,2728.725
Nauru,2028,12.608746,38.588642,3039.0696
Nauru,2029,9.815146,26.76239,2818.2053
Nauru,2030,7.876791,30.15996,3022.706
Nauru,2031,6.147275,19.394838,2896.2202
Nepal,2022,7.4935637,17.893822,2455.5266
Nepal,2023,6.797242,18.507391,2570.1465
Nepal,2024,6.2450347,17.546825,2507.5735
Nepal,2025,5.9195943,17.80373,2568.1582
Nepal,2026,5.6694703,17.65921,2540.9695
Nepal,2027,5.14924,17.043383,2348.96
Nepal,2028,3.7171934,11.37209,2057.4207
Nepal,2029,5.100435,7.666223,2375.1624
Nepal,2030,10.070843,13.482091,2317.3027
Nepal,2031,8.866067,14.739216,2810.0247
Netherlands,2022,8.417058,15.714019,3055.142
Netherlands,2023,8.101646,16.750998,2886.2217
Netherlands,2024,7.9672656,18.511332,2846.2944
Netherlands,2025,6.699978,17.91705,2729.8027
Netherlands,2026,5.535101,17.96373,2694.4302
Netherlands,2027,5.5012283,16.72737,2566.2012
Netherlands,2028,7.4462123,13.589519,2340.99
Netherlands,2029,7.7779665,11.577236,2245.1865
Netherlands,2030,4.8894114,12.822278,2544.8652
Netherlands,2031,6.025471,17.335388,2894.8586
New Zealand,2022,10.230965,15.802362,2964.6992
New Zealand,2023,10.795952,13.648342,2675.0242
New Zealand,2024,13.093659,14.996723,2637.5288
New Zealand,2025,12.668495,13.197458,2426.3367
New Zealand,2026,9.416091,7.2581787,2211.2883
New Zealand,2027,8.454846,4.327105,2180.8564
New Zealand,2028,13.488548,8.661535,2326.1296
New Zealand,2029,17.019278,12.336938,2643.584
New Zealand,2030,14.418593,18.997314,3044.968
New Zealand,2031,9.895704,21.414324,2746.4553
Nicaragua,2022,8.940258,16.06582,2768.1453
Nicaragua,2023,9.032071,15.623137,2694.8225
Nicaragua,2024,9.410588,17.332142,2726.8147
Nicaragua,2025,8.104934,16.863447,2720.7954
Nicaragua,2026,6.650719,15.18089,2605.9045
Nicaragua,2027,6.2625065,13.560232,2664.0146
Nicaragua,2028,6.223602,12.263929,2742.7754
Nicaragua,2029,6.4730144,10.241179,2727.0508
Nicaragua,2030,6.867006,7.5170217,2751.4019
Nicaragua,2031,6.4890037,7.3024054,2957.711
Niger,2022,8.056761,17.471935,2780.1294
Niger,2023,8.007056,17.686487,2860.5132
Niger,2024,7.410376,17.13555,2889.0977
Niger,2025,6.783169,15.689349,2912.2568
Niger,2026,6.5451336,12.361768,2902.2563
Niger,2027,5.986942,6.247359,2887.2976
Niger,2028,5.6199965,6.0339327,2683.2537
Niger,2029,7.049101,6.646595,2352.2874
Niger,2030,7.1221204,2.556138,2590.7468
Niger,2031,6.917103,8.8002,2165.6091
Nigeria,2022,7.1671333,9.5377445,2710.7056
Nigeria,2023,7.0474586,7.290007,2551.4932
Nigeria,2024,7.148255,6.665227,2478.3481
Nigeria,2025,6.766303,7.9586368,2480.3655
Nigeria,2026,6.5626903,9.530291,2530.3079
Nigeria,2027,6.497216,11.261796,2585.6365
Nigeria,2028,6.3372326,11.934525,2680.608
Nigeria,2029,6.314664,12.07239,2827.119
Nigeria,2030,6.8556604,12.417969,2871.1062
Nigeria,2031,9.299137,16.002972,2732.2207
North Korea,2022,7.490094,10.6462345,2150.4158
North Korea,2023,7.6069093,12.272499,2231.1396
North Korea,2024,7.370792,13.12445,2273.4612
North Korea,2025,8.32824,16.235992,2606.1997
North Korea,2026,8.538602,15.773174,2508.7808
North Korea,2027,8.046617,16.790194,2727.753
North Korea,2028,8.569398,17.197111,2963.1978
North Korea,2029,8.215351,14.714259,2693.9868
North Korea,2030,7.2822576,14.2252,2870.3938
North Korea,2031,8.106017,10.853558,2660.5415
North Macedonia,2022,9.043087,20.816288,3088.8071
North Macedonia,2023,8.78009,20.989702,3026.119
North Macedonia,2024,8.76568,23.450584,3115.3052
North Macedonia,2025,7.311973,24.47719,3169.689
North Macedonia,2026,5.7602067,25.531076,3226.2573
North Macedonia,2027,5.5398765,26.68996,3285.5427
North Macedonia,2028,5.56424,26.492065,3366.9712
North Macedonia,2029,6.2407413,25.44095,3304.7249
North Macedonia,2030,7.652065,23.935051,3091.5876
North Macedonia,2031,10.940514,20.116577,2834.873
Norway,2022,7.0170674,19.432835,3117.7627
Norway,2023,8.022012,15.38912,2780.4753
Norway,2024,7.7815204,12.808304,2357.451
Norway,2025,7.77388,12.827635,2244.129
Norway,2026,7.4553814,12.964009,2211.519
Norway,2027,7.7598495,11.552894,2165.3616
Norway,2028,9.15682,10.479309,2145.6577
Norway,2029,10.397761,12.679939,2025.2542
Norway,2030,9.06813,14.54788,2161.647
Norway,2031,7.5010405,21.262186,2651.5132
Oman,2022,14.490602,26.611526,2850.1404
Oman,2023,14.168193,25.156525,2770.183
Oman,2024,14.062146,23.817774,2814.4753
Oman,2025,13.297788,23.541311,2930.9824
Oman,2026,11.609695,24.310978,3193.4492
Oman,2027,14.3299465,28.556156,3195.0947
Oman,2028,12.40713,25.994364,2850.8523
Oman,2029,13.126903,26.723791,2871.8486
Oman,2030,10.773675,22.11631,2885.5774
Oman,2031,7.402672,19.484877,2774.9954
Pakistan,2022,10.613368,19.437954,2628.0298
Pakistan,2023,10.849133,22.670046,2870.612
Pakistan,2024,6.966476,17.802807,2715.8442
Pakistan,2025,8.571391,19.117607,2650.4119
Pakistan,2026,8.287388,21.09523,2827.516
Pakistan,2027,6.848586,23.310978,3035.4546
Pakistan,2028,7.1066904,24.700155,3191.9795
Pakistan,2029,7.236877,24.025421,3249.6245
Pakistan,2030,8.90094,24.383307,3372.154
Pakistan,2031,6.70609,22.711784,2938.3262
Panama,2022,7.668013,21.987736,3320.6865
Panama,2023,8.508911,23.088125,3276.2063
Panama,2024,8.478307,23.077452,3186.0967
Panama,2025,8.82911,23.752613,3107.7397
Panama,2026,8.909454,23.102596,3025.3506
Panama,2027,9.687026,20.622295,2923.6355
Panama,2028,10.278492,17.16073,2780.2231
Panama,2029,9.210089,16.95831,2840.332
Panama,2030,7.416584,17.240286,2927.9297
Panama,2031,8.597776,14.334773,2482.0833
Papua New Guinea,2022,9.494425,18.023447,2728.025
Papua New Guinea,2023,9.878205,19.414812,2807.2688
Papua New Guinea,2024,9.6418085,18.478176,2712.6624
Papua New Guinea,2025,9.7491455,20.343859,2801.5952
Papua New Guinea,2026,8.894991,19.522705,2833.8743
Papua New Guinea,2027,8.126114,20.62832,2927.064
Papua New Guinea,2028,7.899663,22.25773,3123.3982
Papua New Guinea,2029,7.353171,22.804634,3108.0625
Papua New Guinea,2030,7.2321,24.04771,3152.4507
Papua New Guinea,2031,7.4343505,20.764917,2997.8694
Paraguay,2022,8.891091,19.312962,2819.064
Paraguay,2023,7.6200914,17.855114,2808.4873
Paraguay,2024,9.067683,19.855724,2837.1565
Paraguay,2025,7.8659883,17.501106,2798.9219
Paraguay,2026,7.636559,15.93853,2810.0308
Paraguay,2027,6.6619325,14.72076,2790.3254
Paraguay,2028,7.079098,15.202294,2802.556
Paraguay,2029,7.2014475,15.228629,2767.9907
Paraguay,2030,7.277283,15.228513,2781.5498
Paraguay,2031,9.85269,14.497882,2783.093
Peru,2022,7.08359,20.324148,3172.0955
Peru,2023,7.922939,19.664398,3033.4941
Peru,2024,9.02118,19.379385,2915.5227
Peru,2025,9.716069,19.763607,2872.5132
Peru,2026,9.3420515,20.010704,2847.5996
Peru,2027,8.759913,20.631115,2833.5776
Peru,2028,8.309906,21.925795,2873.032
Peru,2029,7.7646127,23.616543,2944.0347
Peru,2030,7.1678114,24.87858,3034.7756
Peru,2031,7.561895,24.589064,3089.1057
Philippines,2022,7.9438424,14.983761,2353.1692
Philippines,2023,7.5447807,14.908138,2356.1414
Philippines,2024,7.3300533,14.528196,2376.236
Philippines,2025,6.9145036,15.809374,2621.7463
Philippines,2026,6.3116198,17.755003,2853.5334
Philippines,2027,5.7885404,15.713925,2479.6917
Philippines,2028,5.038066,5.1819444,2244.456
Philippines,2029,7.638778,11.881393,2733.1362
Philippines,2030,9.634819,11.234506,2214.988
Philippines,2031,6.4076533,7.6375003,2810.293
Poland,2022,6.560534,14.0015,2533.805
Poland,2023,6.302834,10.263029,2354.5498
Poland,2024,7.078184,7.2023435,2230.2021
Poland,2025,6.5156226,5.291562,2153.3743
Poland,2026,6.7772717,4.1896586,2075.7195
Poland,2027,7.3413205,2.9778383,2077.7852
Poland,2028,8.443284,1.4573964,2031.7465
Poland,2029,10.530019,1.2214836,2043.3763
Poland,2030,12.752383,7.05115,2438.7947
Poland,2031,8.420741,17.043184,3011.777
Portugal,2022,4.5156264,15.912417,2865.327
Portugal,2023,4.055836,13.242216,2685.2197
Portugal,2024,4.537532,10.597292,2428.335
Portugal,2025,5.440004,8.61119,2313.6426
Portugal,2026,6.5512323,8.472417,2332.204
Portugal,2027,7.5715446,10.387912,2394.3713
Portugal,2028,7.8556533,10.558652,2390.85
Portugal,2029,8.119228,8.638685,2374.121
Portugal,2030,9.475363,13.237226,2519.0862
Portugal,2031,7.2803693,18.905907,3169.2603
Qatar,2022,10.30876,19.074926,2384.6023
Qatar,2023,11.078877,20.52759,2367.9873
Qatar,2024,12.06832,22.734612,2331.0615
Qatar,2025,12.228497,24.913311,2340.6118
Qatar,2026,10.699985,26.047607,2537.204
Qatar,2027,13.497594,31.813837,3075.054
Qatar,2028,11.105175,26.226776,3398.041
Qatar,2029,10.448469,20.50963,3243.449
Qatar,2030,10.152506,19.820507,2782.8728
Qatar,2031,6.922817,15.79818,2536.256
Romania,2022,4.9055576,17.44467,2723.1687
Romania,2023,3.9875941,13.175073,2546.1533
Romania,2024,4.8064594,10.916163,2394.2034
Romania,2025,5.9737573,9.067242,2277.8909
Romania,2026,7.2701783,8.135129,2212.8823
Romania,2027,8.257536,6.3983636,2162.235
Romania,2028,9.230671,4.3455563,2144.6143
Romania,2029,10.65942,4.7378874,2142.5552
Romania,2030,11.204963,9.685144,2408.2888
Romania,2031,7.307759,19.166328,2981.3777
Russia,2022,7.7677503,14.173482,2448.2043
Russia,2023,6.4429684,10.152745,2291.6057
Russia,2024,7.2359176,7.4779572,2225.4375
Russia,2025,6.966931,7.0653424,2190.0288
Russia,2026,7.394084,6.7662997,2126.974
Russia,2027,8.420173,4.6319256,2008.8602
Russia,2028,10.249718,1.6567596,1902.4364
Russia,2029,13.036991,2.535953,2177.6887
Russia,2030,11.283581,22.139019,3095.6152
Russia,2031,8.363495,13.192935,2650.6936
Rwanda,2022,5.361214,5.145196,2603.623
Rwanda,2023,5.8991213,6.449768,2674.8323
Rwanda,2024,6.7227974,7.809293,2632.2751
Rwanda,2025,8.387421,12.627052,2677.8677
Rwanda,2026,10.341658,17.625721,2777.845
Rwanda,2027,8.675647,18.398478,2866.9805
Rwanda,2028,7.373062,15.788837,2853.7595
Rwanda,2029,7.568181,13.222552,2627.9517
Rwanda,2030,8.632251,14.255113,2802.7573
Rwanda,2031,8.391837,13.435607,2865.6604
Saint Kitts and Nevis,2022,7.886548,21.481594,2846.5708
Saint Kitts and Nevis,2023,8.059689,22.923174,2932.9504
Saint Kitts and Nevis,2024,7.238891,20.543123,2814.4648
Saint Kitts and Nevis,2025,6.925133,18.536692,2747.5693
Saint Kitts and Nevis,2026,7.062477,19.954384,2824.7358
Saint Kitts and Nevis,2027,7.1689134,22.52862,3044.124
Saint Kitts and Nevis,2028,7.0338583,24.258034,3245.9553
Saint Kitts and Nevis,2029,7.1254215,25.653055,3375.1133
Saint Kitts and Nevis,2030,7.202139,22.931019,3261.1182
Saint Kitts and Nevis,2031,8.898082,13.660357,3223.2498
Saint Lucia,2022,8.550362,21.108274,2795.157
Saint Lucia,2023,8.477655,22.486782,2898.989
Saint Lucia,2024,7.8902893,21.853157,2881.8047
Saint Lucia,2025,7.695338,22.370548,2900.699
Saint Lucia,2026,7.6492953,22.604265,2901.8618
Saint Lucia,2027,7.0769033,21.405634,2877.6892
Saint Lucia,2028,6.937734,19.748438,2856.3723
Saint Lucia,2029,6.7476206,15.178085,2816.1633
Saint Lucia,2030,4.031067,10.732708,2940.0845
Saint Lucia,2031,6.774243,22.44942,3184.1177
Saint Vincent and the Grenadines,2022,10.204127,23.273819,3509.5388
Saint Vincent and the Grenadines,2023,9.358737,23.057602,3498.5833
Saint Vincent and the Grenadines,2024,7.470876,21.036018,3286.99
Saint Vincent and the Grenadines,2025,6.8824687,18.098282,2911.7366
Saint Vincent and the Grenadines,2026,7.2753406,15.496752,2633.5342
Saint Vincent and the Grenadines,2027,9.47472,14.413366,2447.2004
Saint Vincent and the Grenadines,2028,12.978656,19.918636,2582.135
Saint Vincent and the Grenadines,2029,14.137098,26.673893,2952.6748
Saint Vincent and the Grenadines,2030,10.42562,25.883383,3251.1514
Saint Vincent and the Grenadines,2031,6.35714,21.12205,3172.3916
Samoa,2022,7.9042945,20.010273,2604.573
Samoa,2023,7.740459,18.081541,2347.7651
Samoa,2024,7.8849792,22.964184,2668.823
Samoa,2025,7.531653,27.469118,2959.7815
Samoa,2026,7.1561975,28.98032,3003.3345
Samoa,2027,5.3284874,26.080378,2984.8953
Samoa,2028,7.2524514,28.391195,2922.186
Samoa,2029,10.981098,28.318209,2665.6428
Samoa,2030,12.765633,32.113293,2521.7134
Samoa,2031,9.227108,20.052446,2766.203
Sao Tome and Principe,2022,5.412692,8.088398,2704.0884
Sao Tome and Principe,2023,5.155668,5.290704,2627.2622
Sao Tome and Principe,2024,5.712662,3.9809701,2424.7998
Sao Tome and Principe,2025,5.8604207,-0.07187582,2392.5754
Sao Tome and Principe,2026,5.0526443,-1.8175672,2346.25
Sao Tome and Principe,2027,4.684377,-0.08459814,2119.926
Sao Tome and Principe,2028,4.1347055,2.6588168,2136.9846
Sao Tome and Principe,2029,4.7986436,5.778896,2365.7622
Sao Tome and Principe,2030,5.8149834,8.6122675,2554.0007
Sao Tome and Principe,2031,6.843365,11.699129,2599.9248
Saudi Arabia,2022,7.918926,20.965862,2714.7605
Saudi Arabia,2023,8.343257,20.487581,2578.335
Saudi Arabia,2024,8.60005,21.627857,2623.7756
Saudi Arabia,2025,8.896769,23.062462,2713.9214
Saudi Arabia,2026,8.509759,23.735968,2772.9417
Saudi Arabia,2027,8.016388,24.059637,2816.2197
Saudi Arabia,2028,7.217174,25.226475,2905.79
Saudi Arabia,2029,6.2658896,25.129154,3016.3547
Saudi Arabia,2030,7.5582457,23.641808,2900.5396
Saudi Arabia,2031,8.178834,22.030085,2768.7322
Senegal,2022,7.347399,14.610871,2553.8928
Senegal,2023,7.2354913,15.745504,2698.7932
Senegal,2024,7.4429564,14.181491,2752.3494
Senegal,2025,7.004386,6.953854,2432.2908
Senegal,2026,6.558585,5.716798,2369.8936
Senegal,2027,5.856242,7.084367,2414.8374
Senegal,2028,5.8373528,10.6134615,2487.9097
Senegal,2029,6.5286345,10.474765,2554.3137
Senegal,2030,5.7892795,10.344006,2776.586
Senegal,2031,7.158991,13.078817,2875.852
Serbia,2022,5.3274565,17.569597,2738.1653
Serbia,2023,4.6689444,13.382545,2588.473
Serbia,2024,5.7967916,11.348558,2420.2522
Serbia,2025,5.949386,8.558362,2273.6973
Serbia,2026,6.9584517,7.462689,2246.976
Serbia,2027,7.9496603,7.8888645,2310.0662
Serbia,2028,8.038804,8.352907,2338.945
Serbia,2029,7.982927,7.270066,2370.6377
Serbia,2030,8.322622,8.406593,2420.103
Serbia,2031,8.339895,21.083733,3168.8574
Seychelles,2022,8.993073,20.859625,3111.595
Seychelles,2023,9.13453,19.15182,3092.6768
Seychelles,2024,8.918188,17.490194,2971.6785
Seychelles,2025,9.539838,17.087023,2899.1255
Seychelles,2026,10.236243,18.170227,2798.1694
Seychelles,2027,10.811917,15.974653,2792.6729
Seychelles,2028,8.83792,8.299128,2793.2905
Seychelles,2029,7.6909547,7.4791107,2516.1284
Seychelles,2030,10.122483,15.7448635,2587.5715
Seychelles,2031,10.868493,17.9943,2647.6711
Sierra Leone,2022,6.210822,3.517845,2468.1663
Sierra Leone,2023,7.6818633,1.0184387,2436.6646
Sierra Leone,2024,8.480928,5.8449945,2588.7327
Sierra Leone,2025,7.42203,13.130388,2789.1497
Sierra Leone,2026,6.2138767,10.26679,2667.0144
Sierra Leone,2027,6.017696,9.0031805,2622.847
Sierra Leone,2028,5.465963,8.407034,2584.039
Sierra Leone,2029,5.8405943,11.393734,2796.2908
Sierra Leone,2030,8.031456,16.779692,3010.1772
Sierra Leone,2031,11.250596,20.385147,2830.633
Slovakia,2022,9.696156,17.093416,3050.0144
Slovakia,2023,9.799478,15.494298,2894.3186
Slovakia,2024,10.13558,20.064861,2982.9102
Slovakia,2025,8.193269,23.622675,3092.4058
Slovakia,2026,5.7403426,22.642801,3023.975
Slovakia,2027,6.4137063,22.315947,2839.428
Slovakia,2028,7.5327177,22.616955,2806.6096
Slovakia,2029,7.7960815,21.492683,2820.0337
Slovakia,2030,7.3609514,20.5681,3059.5747
Slovakia,2031,9.196277,16.713367,2958.9663
Slovenia,2022,6.885571,17.809752,2664.3955
Slovenia,2023,6.075662,13.9295435,2532.8005
Slovenia,2024,6.4347734,11.337823,2460.0615
Slovenia,2025,6.3472524,11.209548,2397.1582
Slovenia,2026,6.862034,13.154972,2369.6045
Slovenia,2027,7.7224903,12.952842,2324.6855
Slovenia,2028,8.05037,14.8765745,2431.4526
Slovenia,2029,7.345375,19.084862,2736.8418
Slovenia,2030,7.587643,21.995937,2870.2454
Slovenia,2031,7.732526,14.00059,2630.234
Solomon Islands,2022,8.986998,18.574152,2732.149
Solomon Islands,2023,9.333945,20.207472,2809.409
Solomon Islands,2024,9.242431,19.889853,2744.9355
Solomon Islands,2025,9.183474,21.42302,2810.4644
Solomon Islands,2026,8.759117,21.526213,2840.6711
Solomon Islands,2027,8.683248,21.928165,2828.3499
Solomon Islands,2028,8.616159,22.94283,2938.3647
Solomon Islands,2029,7.625079,23.773323,3062.6067
Solomon Islands,2030,7.068042,24.63378,3185.0215
Solomon Islands,2031,6.799977,22.959236,3020.3438
South Africa,2022,7.616427,21.532434,2776.856
South Africa,2023,7.665447,21.66773,2723.499
South Africa,2024,7.2210236,21.207031,2737.3584
South Africa,2025,6.4186573,20.526194,2760.4233
South Africa,2026,6.3617525,20.081953,2723.0374
South Africa,2027,6.5472836,19.509289,2680.5825
South Africa,2028,7.865024,20.416603,2691.4705
South Africa,2029,8.425727,18.302961,2731.0027
South Africa,2030,9.084449,15.016646,2815.6523
South Africa,2031,11.485919,14.93083,2928.799
South Korea,2022,6.0902214,11.472647,2254.0247
South Korea,2023,5.6812053,10.913264,2226.7769
South Korea,2024,6.246615,12.009612,2216.8875
South Korea,2025,7.427566,13.789251,2264.379
South Korea,2026,7.3595743,13.848602,2275.7432
South Korea,2027,5.961306,10.462933,2045.7413
South Korea,2028,4.7465744,6.4066305,1897.5641
South Korea,2029,3.4821901,4.03014,2100.2227
South Korea,2030,5.291592,7.8164053,2401.6777
South Korea,2031,8.2934675,9.671913,2288.2126
Spain,2022,10.319522,18.804235,2733.3389
Spain,2023,9.811909,15.549339,2568.5427
Spain,2024,11.526439,15.399392,2509.7969
Spain,2025,10.180859,9.827264,2264.7368
Spain,2026,8.444551,7.445326,2158.4587
Spain,2027,7.958535,7.427395,2143.3503
Spain,2028,8.664262,10.441,2380.172
Spain,2029,10.942134,20.590008,3095.8555
Spain,2030,9.951947,21.489147,3128.3523
Spain,2031,8.903479,17.371174,2700.6604
Sri Lanka,2022,8.045788,15.469796,2309.8628
Sri Lanka,2023,7.863221,16.243917,2401.858
Sri Lanka,2024,7.2416387,16.281937,2415.53
Sri Lanka,2025,6.820589,17.227915,2568.8657
Sri Lanka,2026,7.047981,17.63787,2516.9673
Sri Lanka,2027,7.8457494,17.977468,2297.3442
Sri Lanka,2028,6.6512938,17.88341,2422.2805
Sri Lanka,2029,5.423745,8.124209,2541.0037
Sri Lanka,2030,7.958782,7.1712675,2272.0947
Sri Lanka,2031,6.8296576,0.96761113,2614.102
Suriname,2022,8.35885,19.928696,2641.3677
Suriname,2023,8.534853,20.369331,2600.406
Suriname,2024,8.354249,21.029709,2640.6504
Suriname,2025,7.586939,20.649937,2744.762
Suriname,2026,6.985958,20.343292,2853.2817
Suriname,2027,7.1470513,19.779764,2925.3323
Suriname,2028,7.752095,18.305565,2838.5515
Suriname,2029,8.120565,16.502579,2768.5159
Suriname,2030,7.575419,14.605931,2808.9065
Suriname,2031,7.082127,10.22336,2732.1616
Sweden,2022,5.860382,12.381098,2825.3772
Sweden,2023,6.416944,13.644678,2769.6091
Sweden,2024,6.8953066,15.978232,2742.9436
Sweden,2025,6.5466757,17.60886,2643.605
Sweden,2026,5.700843,17.973288,2604.9688
Sweden,2027,5.1461596,18.787474,2689.4387
Sweden,2028,5.550986,19.728592,2765.8655
Sweden,2029,6.0376015,17.811884,2676.8672
Sweden,2030,4.860334,13.753753,2890.5176
Sweden,2031,3.449019,11.729079,3100.097
Switzerland,2022,4.2303734,6.788575,2833.014
Switzerland,2023,3.749066,6.881732,2722.6711
Switzerland,2024,2.8252318,7.628801,2554.5835
Switzerland,2025,2.274391,9.060251,2445.8762
Switzerland,2026,2.722992,10.4497385,2401.0767
Switzerland,2027,4.31248,10.181775,2339.4478
Switzerland,2028,6.9983,7.973262,2083.4087
Switzerland,2029,7.3103795,4.4000726,1872.3147
Switzerland,2030,4.90954,9.413631,2232.5405
Switzerland,2031,5.523247,17.477627,3045.5645
Syria,2022,8.703087,18.802048,2683.7898
Syria,2023,9.078914,20.5004,2663.1763
Syria,2024,8.959244,21.111902,2667.3152
Syria,2025,8.471325,21.976109,2779.5564
Syria,2026,7.6479063,21.834171,2923.342
Syria,2027,7.378423,20.878584,2973.4033
Syria,2028,8.329255,19.693962,2906.8875
Syria,2029,9.311577,18.722057,2856.8215
Syria,2030,8.688081,19.117443,2853.541
Syria,2031,7.2655616,14.728512,2973.468
Tajikistan,2022,7.895909,21.699879,3044.5374
Tajikistan,2023,6.6883154,23.08316,3366.561
Tajikistan,2024,5.9457474,20.119913,3343.8113
Tajikistan,2025,7.7012753,3.9099853,2621.3286
Tajikistan,2026,8.568041,11.703525,2424.976
Tajikistan,2027,7.261578,12.118229,2557.9812
Tajikistan,2028,5.907819,7.131954,2542.2778
Tajikistan,2029,6.5399914,8.480941,2290.1719
Tajikistan,2030,5.380459,5.662843,2185.3318
Tajikistan,2031,7.8868904,5.3898845,2227.8867
Tanzania,2022,10.098204,14.141531,2469.9875
Tanzania,2023,10.039908,15.88514,2582.7227
Tanzania,2024,9.436575,16.868286,2585.0208
Tanzania,2025,10.9093075,20.480577,2798.0173
Tanzania,2026,9.694995,20.662596,2931.5432
Tanzania,2027,9.774304,19.16952,2915.2424
Tanzania,2028,9.564008,17.50548,2858.331
Tanzania,2029,10.2890215,17.51463,2900.1016
Tanzania,2030,8.660815,16.397417,2912.7207
Tanzania,2031,7.9949355,20.274439,2947.7915
Thailand,2022,7.9682074,19.711765,2792.2148
Thailand,2023,7.963256,21.890537,3075.9543
Thailand,2024,6.8373375,22.531332,3134.457
Thailand,2025,7.6417,22.42968,3203.746
Thailand,2026,8.651292,21.27521,3081.1982
Thailand,2027,11.064825,19.936579,2708.0444
Thailand,2028,10.057667,16.222692,2679.9136
Thailand,2029,7.830116,9.847122,2818.9646
Thailand,2030,6.9489307,6.2686515,2615.6567
Thailand,2031,11.25409,16.318905,2347.3176
Togo,2022,5.866666,7.83032,2559.5808
Togo,2023,5.8969502,4.610262,2515.3674
Togo,2024,9.011564,5.1902122,2688.2312
Togo,2025,7.5076146,10.529537,2562.3755
Togo,2026,5.972925,10.267529,2580.108
Togo,2027,5.815469,9.015964,2510.7292
Togo,2028,6.091317,10.471987,2485.8828
Togo,2029,6.032735,13.366968,2648.0283
Togo,2030,6.378575,14.56347,2891.6758
Togo,2031,7.5076146,12.668824,2869.8967
Trinidad and Tobago,2022,11.832527,27.610176,3063.3662
Trinidad and Tobago,2023,12.913875,27.408709,3121.6677
Trinidad and Tobago,2024,12.089294,25.771482,3099.3567
Trinidad and Tobago,2025,12.886473,25.337214,3112.0574
Trinidad and Tobago,2026,12.257497,25.06746,2974.3652
Trinidad and Tobago,2027,12.309261,26.467358,2963.3123
Trinidad and Tobago,2028,13.499839,30.92296,2870.1472
Trinidad and Tobago,2029,12.614006,31.581354,2754.8755
Trinidad and Tobago,2030,13.836116,28.60135,2865.0122
Trinidad and Tobago,2031,9.378965,23.782324,3235.911
Tunisia,2022,12.285303,30.712585,3012.2446
Tunisia,2023,10.874283,26.139069,2983.5293
Tunisia,2024,12.667161,25.45306,3077.7957
Tunisia,2025,8.22883,19.821901,2979.9866
Tunisia,2026,9.085331,21.522017,3114.693
Tunisia,2027,6.7176194,15.902914,2825.7039
Tunisia,2028,8.206275,14.148765,2315.549
Tunisia,2029,7.530705,10.802672,2076.0056
Tunisia,2030,8.229562,12.954212,2465.4314
Tunisia,2031,7.2355323,19.271181,2783.4827
Turkey,2022,12.202637,29.857626,2781.171
Turkey,2023,10.902133,25.418274,2666.7146
Turkey,2024,13.998058,26.548286,2649.8267
Turkey,2025,12.857545,25.45229,2652.0166
Turkey,2026,14.5112,26.437613,2856.43
Turkey,2027,10.621046,22.913832,2963.4446
Turkey,2028,11.239309,24.745405,3009.844
Turkey,2029,13.150801,26.752222,3009.2092
Turkey,2030,13.034061,27.599077,2898.4563
Turkey,2031,6.213416,15.690552,2781.2048
Turkmenistan,2022,7.717847,24.190084,3271.5012
Turkmenistan,2023,7.6466355,23.109005,3387.0076
Turkmenistan,2024,6.999972,17.547308,3050.94
Turkmenistan,2025,6.8326707,10.233626,2570.8855
Turkmenistan,2026,10.644861,13.628355,2672.2078
Turkmenistan,2027,12.520561,15.332838,2759.1165
Turkmenistan,2028,10.639389,14.333216,2406.8914
Turkmenistan,2029,7.95091,11.098617,2306.5564
Turkmenistan,2030,7.549301,11.446415,2276.7856
Turkmenistan,2031,13.13407,14.816478,2563.572
Uganda,2022,5.1242495,4.1285343,2511.662
Uganda,2023,5.205568,3.7719285,2549.9329
Uganda,2024,5.3421283,2.1010978,2501.3015
Uganda,2025,5.1859064,0.79786766,2478.7798
Uganda,2026,5.234109,0.89786494,2452.6838
Uganda,2027,5.513451,3.8016996,2461.447
Uganda,2028,6.7732563,8.227077,2482.3667
Uganda,2029,7.991649,11.884043,2488.0642
Uganda,2030,8.89979,14.584431,2481.368
Uganda,2031,8.743675,16.995485,2622.337
Ukraine,2022,10.4824505,21.057812,2867.4805
Ukraine,2023,9.909591,19.159445,2781.461
Ukraine,2024,10.94274,20.109535,2900.8093
Ukraine,2025,10.719373,20.574186,2943.3535
Ukraine,2026,9.023363,19.301188,2862.0518
Ukraine,2027,7.2101884,18.965218,2848.0864
Ukraine,2028,7.0934935,21.385817,2895.9395
Ukraine,2029,8.881076,23.720022,2907.4224
Ukraine,2030,10.214598,23.502422,2720.681
Ukraine,2031,8.789214,19.519062,2774.0178
United Arab Emirates,2022,13.008011,27.345528,2647.569
United Arab Emirates,2023,11.94841,24.116865,2613.8872
United Arab Emirates,2024,12.066957,21.64785,2552.2917
United Arab Emirates,2025,11.468918,23.33932,2684.1353
United Arab Emirates,2026,9.404024,23.556543,2874.5962
United Arab Emirates,2027,10.539873,26.298815,3221.872
United Arab Emirates,2028,10.096105,23.650534,3275.6836
United Arab Emirates,2029,12.321811,26.6994,3151.0083
United Arab Emirates,2030,8.78859,23.217194,2752.6133
United Arab Emirates,2031,8.507283,16.928122,2357.2808
United Kingdom,2022,8.980034,23.44496,3092.5886
United Kingdom,2023,8.567514,21.593338,2913.021
United Kingdom,2024,9.608263,20.850386,2819.665
United Kingdom,2025,9.931992,19.58533,2694.9592
United Kingdom,2026,9.323988,17.566042,2604.706
United Kingdom,2027,9.017223,14.185017,2494.523
United Kingdom,2028,8.518243,11.687039,2449.744
United Kingdom,2029,9.241068,9.691386,2393.1938
United Kingdom,2030,9.986208,12.337048,2463.16
United Kingdom,2031,8.527508,21.942863,2912.6562
United States,2022,14.122897,18.51872,2550.6572
United States,2023,12.243123,15.042664,2368.6157
United States,2024,13.343453,15.240947,2278.8628
United States,2025,12.025607,13.7455845,2207.3735
United States,2026,10.388139,11.802035,2197.9043
United States,2027,9.3426895,9.829583,2235.2576
United States,2028,9.353862,7.3481345,2333.659
United States,2029,12.140412,13.12675,2744.708
United States,2030,10.55481,19.334785,3064.7087
United States,2031,9.0643,18.798628,2779.5571
Uruguay,2022,8.404143,16.045174,2679.4707
Uruguay,2023,7.4210253,13.213207,2450.7258
Uruguay,2024,9.333714,13.821622,2394.2732
Uruguay,2025,9.435152,11.838138,2334.5242
Uruguay,2026,8.294725,9.226249,2186.386
Uruguay,2027,8.352078,7.821228,2119.1838
Uruguay,2028,9.856437,8.4967165,2322.2117
Uruguay,2029,10.881058,12.336223,2865.0667
Uruguay,2030,11.051686,16.241535,3237.3345
Uruguay,2031,8.480198,12.883211,2431.7886
Uzbekistan,2022,9.418715,18.624279,2865.7363
Uzbekistan,2023,9.261063,17.755157,2721.54
Uzbekistan,2024,9.75886,17.083187,2637.1428
Uzbekistan,2025,10.17532,14.767023,2721.1567
Uzbekistan,2026,10.482744,10.787852,2820.0227
Uzbekistan,2027,9.603941,7.6440687,2796.6428
Uzbekistan,2028,7.868578,6.0105457,2492.847
Uzbekistan,2029,9.628013,13.935755,2359.2092
Uzbekistan,2030,13.466123,26.127409,2790.0898
Uzbekistan,2031,11.870956,18.947283,2877.4287
Vanuatu,2022,7.9388375,21.071203,2854.1711
Vanuatu,2023,8.444947,22.425644,2895.331
Vanuatu,2024,8.005603,21.709486,2858.2205
Vanuatu,2025,7.4739847,22.028019,2910.5076
Vanuatu,2026,7.2436557,22.188591,2941.602
Vanuatu,2027,7.0181656,21.97655,2972.1697
Vanuatu,2028,7.0602384,23.215157,3091.5059
Vanuatu,2029,7.172429,24.166513,3204.8027
Vanuatu,2030,7.140276,18.493525,3077.2026
Vanuatu,2031,9.003445,12.488562,3290.879
Venezuela,2022,7.971954,12.914488,2763.5808
Venezuela,2023,8.2684765,11.386635,2792.4622
Venezuela,2024,8.217689,14.114768,2604.8376
Venezuela,2025,7.8019223,21.185305,2822.9211
Venezuela,2026,4.6879807,22.01496,3205.2087
Venezuela,2027,5.9927773,19.065119,3121.024
Venezuela,2028,5.9371157,15.578583,3034.8857
Venezuela,2029,6.884988,13.013099,2819.858
Venezuela,2030,6.796578,8.887141,2656.2021
Venezuela,2031,6.7419434,8.576027,2662.6035
Vietnam,2022,7.3831606,15.070391,2534.452
Vietnam,2023,7.2127843,15.076588,2524.8264
Vietnam,2024,7.13812,14.846676,2478.3477
Vietnam,2025,7.197809,16.17275,2603.3372
Vietnam,2026,6.584597,18.213879,2813.3357
Vietnam,2027,5.762473,18.686148,2818.8215
Vietnam,2028,4.485339,7.3988447,2393.3093
Vietnam,2029,5.0125637,6.4133883,2527.3362
Vietnam,2030,7.4428105,8.496033,2515.6538
Vietnam,2031,10.241851,11.61593,2408.0078
Yemen,2022,8.539065,15.39468,2706.4263
Yemen,2023,7.354267,12.560918,2603.6328
Yemen,2024,7.8907847,7.561476,2477.445
Yemen,2025,8.517192,6.4997106,2471.913
Yemen,2026,8.8361635,7.958116,2480.2598
Yemen,2027,6.4612327,9.200845,2464.2407
Yemen,2028,6.141512,16.349075,2931.1592
Yemen,2029,5.83712,18.715778,3266.6853
Yemen,2030,5.8589892,17.495903,3226.7278
Yemen,2031,6.571469,16.2019,2787.115
Zambia,2022,8.225275,15.442752,2501.159
Zambia,2023,9.002138,18.439655,2815.652
Zambia,2024,8.4881115,18.21513,2752.874
Zambia,2025,10.217716,21.724,3047.4272
Zambia,2026,9.500668,19.81142,2906.4846
Zambia,2027,9.497977,17.510181,2765.6345
Zambia,2028,10.143019,17.586882,2837.258
Zambia,2029,9.737262,19.608965,3031.8806
Zambia,2030,6.456916,20.061407,3053.9417
Zambia,2031,8.888376,21.560764,2919.908
Zimbabwe,2022,8.995372,2.5458767,2906.8958
Zimbabwe,2023,8.968362,1.6891923,2755.709
Zimbabwe,2024,9.326837,3.643723,2666.6624
Zimbabwe,2025,9.488862,9.991099,3089.2302
Zimbabwe,2026,8.292448,17.528069,3481.3525
Zimbabwe,2027,7.974905,19.383205,3246.0632
Zimbabwe,2028,8.05026,17.344955,3016.7798
Zimbabwe,2029,6.7251706,16.165882,2939.5618
Zimbabwe,2030,9.807227,16.739864,2742.6526
Zimbabwe,2031,9.193724,19.545227,2489.438
